jpn,ざ る そ ば,vie,"ざ る そ ば: Chào bạn,

**Zaru Soba (ざるそば)** là một món mì lạnh của Nhật Bản. Các thành phần chính để làm nên món ăn này bao gồm:

1.  **Mì Soba (そば):** Đây là thành phần quan trọng nhất.
    *   Mì được làm từ **bột kiều mạch** (buckwheat flour). Đôi khi người ta cũng trộn thêm một ít bột mì để mì dai hơn.
    *   Sau khi luộc chín, mì được xả ngay qua nước lạnh để giữ độ dai và làm nguội hoàn toàn.

2.  **Nước chấm ""Tsuyu"" (つゆ):** Mì Soba sẽ được chấm vào một loại nước chấm đặc biệt có tên là ""tsuyu"". Nước chấm này thường được làm từ:
    *   **Nước dùng Dashi:** Nước dùng cơ bản của Nhật, nấu từ cá bào (katsuobushi) và tảo bẹ (kombu).
    *   **Nước tương (Shoyu):** Để tạo vị mặn đậm đà.
    *   **Mirin:** Một loại rượu gạo ngọt của Nhật, giúp cân bằng vị và tạo độ ngọt thanh.

3.  **Gia vị ăn kèm ""Yakumi"" (薬味):** Đây là các loại gia vị được dọn kèm để thực khách tự thêm vào nước chấm theo khẩu vị:
    *   **Hành lá** thái nhỏ (negi).
    *   **Mù tạt** Nhật (wasabi).
    *   **Rong biển** khô cắt sợi (kizami nori) - thường được rắc trực tiếp lên trên mì.

Tên gọi **""Zaru"" (ざる)** có nghĩa là cái ""rổ"" hoặc ""khay"" làm bằng tre. Mì soba sau khi làm lạnh sẽ được đặt lên chiếc khay tre này để ráo nước và giữ được độ mát khi ăn.

***

**Tóm lại, Zaru Soba là món ăn được làm từ:**
*   **Thành phần chính:** Mì kiều mạch lạnh (Soba).
*   **Ăn kèm với:** Nước chấm Tsuyu và các gia vị như hành lá, wasabi, rong biển."
jpn,ざ る そ ば,eng,"ざ る そ ば: Of course!

**Zaru soba (ざるそば)** is a classic Japanese dish made from **buckwheat noodles** (called *soba*).

Here's a more detailed breakdown of the components:

1.  **The Noodles (Soba - そば or 蕎麦):**
    *   The primary ingredient is **buckwheat flour** (*sobako* - そば粉).
    *   The noodles are made from a dough of buckwheat flour and water. Sometimes, a small amount of regular wheat flour is added to make the noodles less brittle.
    *   They are boiled until cooked, then immediately rinsed under cold running water to stop the cooking process and give them a firm, chewy texture.

2.  **The Presentation (Zaru - ざる):**
    *   The name ""zaru"" literally means ""strainer"" or ""colander"" in Japanese.
    *   The chilled noodles are traditionally served on a bamboo draining mat or tray called a *zaru*. This allows any excess water to drain away and keeps the noodles from getting soggy. Shredded *nori* (seaweed) is often sprinkled on top.

3.  **The Dipping Sauce (Tsuyu - つゆ):**
    *   The noodles are served plain and are meant to be dipped into a flavorful sauce served on the side in a small cup.
    *   This sauce, called *tsuyu*, is typically made from a mixture of:
        *   **Dashi:** A Japanese soup stock (often from kombu kelp and bonito fish flakes).
        *   **Soy Sauce:** For a salty, savory flavor.
        *   **Mirin:** A sweet rice wine that adds a touch of sweetness.

4.  **The Garnishes (Yakumi - 薬味):**
    *   These are small condiments added to the dipping sauce to enhance the flavor. Common *yakumi* for zaru soba include:
        *   **Wasabi** (わさび)
        *   **Chopped Scallions** or green onions (*negi* - ねぎ)

In short, zaru soba is a simple and elegant dish where **cold buckwheat noodles** are served on a bamboo tray with a savory dipping sauce and garnishes. It's a very popular and refreshing meal, especially during the hot summer months in Japan."
jpn,天 ぷ ら そ ば,vie,"天 ぷ ら そ ば: Chào bạn, **天ぷらそば (Tempura Soba)** là một món mì nổi tiếng của Nhật Bản, được làm từ sự kết hợp của hai thành phần chính:

1.  **天ぷら (Tempura):** Đây là các loại hải sản và rau củ được tẩm một lớp bột mỏng và chiên ngập dầu cho đến khi giòn rụm.
    *   **Bột chiên:** Được pha từ bột mì, trứng và nước đá lạnh để tạo độ giòn, xốp và nhẹ.
    *   **Nguyên liệu phổ biến:** Tôm (Ebi Tempura) là loại phổ biến nhất cho món này. Ngoài ra còn có cá, mực, bí đỏ, khoai lang, cà tím, nấm hương, lá tía tô (shiso)...

2.  **そば (Soba):** Đây là một loại mì truyền thống của Nhật Bản.
    *   **Thành phần:** Mì Soba được làm chủ yếu từ **bột kiều mạch** (buckwheat flour), tạo nên màu nâu xám đặc trưng và hương vị độc đáo, hơi bùi. Đôi khi người ta cũng trộn thêm một ít bột mì để sợi mì dai hơn.

**Cách kết hợp hai thành phần này:**

Mì Soba sau khi luộc chín sẽ được chan nước dùng nóng, sau đó đặt miếng Tempura vừa chiên giòn lên trên.

*   **Nước dùng (gọi là Tsuyu - つゆ):** Là linh hồn của món ăn, được nấu từ nước dùng dashi (làm từ tảo bẹ kombu và cá bào katsuobushi), pha với nước tương Nhật (shoyu) và rượu ngọt mirin. Nước dùng có vị ngọt thanh, đậm đà (umami).
*   **Các loại rau gia vị ăn kèm:** Thường có hành lá thái nhỏ, rong biển, và đôi khi là một lát chả cá Nhật (kamaboko).

---

**Tóm lại:**

**Tempura Soba = Mì Soba kiều mạch + Tempura (thường là tôm chiên giòn) + Nước dùng dashi nóng hổi.**

Món ăn này là sự kết hợp tuyệt vời giữa sợi mì thanh mát, nước dùng đậm đà và miếng tempura giòn tan, béo ngậy. Ngoài ra, cũng có phiên bản lạnh (Zaru Soba) ăn kèm với Tempura riêng biệt."
jpn,天 ぷ ら そ ば,eng,"天 ぷ ら そ ば: Of course!

**Tempura Soba (天ぷらそば)** is a classic Japanese noodle dish made from two main components:

1.  **Soba (そば):** These are thin noodles made from **buckwheat flour**. They have a distinct nutty, earthy flavor. In this dish, they are typically served in a hot, savory broth.

2.  **Tempura (天ぷら):** This refers to ingredients that have been lightly battered and deep-fried until crisp. For Tempura Soba, the most iconic topping is a large **prawn (shrimp) tempura**, called *ebi-ten* (海老天). Other common tempura items can include vegetables like pumpkin, sweet potato, eggplant, or a mixed seafood and vegetable fritter called *kakiage*.

### How It's Assembled:

The dish consists of a bowl of hot **soba noodles** swimming in a broth made from **dashi** (a soup stock, usually from kelp and bonito flakes), **soy sauce**, and **mirin** (sweet rice wine). This is then topped with the freshly fried **tempura**.

Part of the experience is how the crispy tempura batter gradually soaks up the delicious broth, changing its texture and flavor as you eat.

---

### In Short:

*   **Noodles:** Buckwheat soba noodles
*   **Topping:** Deep-fried tempura (usually a prawn/shrimp)
*   **Soup:** A hot, dashi-based broth

There is also a popular cold version called **Ten-Zaru Soba (天ざるそば)**, where cold soba noodles and tempura are served separately with a cold dipping sauce."
jpn,南 蛮 そ ば,vie,"南 蛮 そ ば: Chào bạn,

**Nanban Soba (南蛮そば)** là một món mì soba (mì kiều mạch) nóng của Nhật Bản. Các thành phần chính để làm nên món ăn này bao gồm:

1.  **Mì Soba (そば):** Mì được làm từ bột kiều mạch, là thành phần nền tảng của món ăn.
2.  **Thịt Vịt (鴨 - Kamo) hoặc Thịt Gà (鶏 - Tori):**
    *   Phiên bản truyền thống và nổi tiếng nhất là **Kamo Nanban Soba (鴨南蛮そば)**, sử dụng **thịt vịt**.
    *   Một phiên bản phổ biến khác là **Tori Nanban Soba (鶏南蛮そば)**, sử dụng **thịt gà**.
3.  **Hành lá dài Nhật Bản (ねぎ - Negi):** Đây là thành phần **đặc trưng nhất** của món ""Nanban"". Người ta dùng loại hành lá to, dài, được cắt khúc và nấu cùng với thịt. Khi nấu chín, hành trở nên rất ngọt và thơm, hòa quyện vào nước dùng.
4.  **Nước dùng (つゆ - Tsuyu):** Nước dùng nóng, có vị ngọt đậm đà, thường được nấu từ:
    *   **Dashi:** Nước dùng cơ bản của Nhật, làm từ cá bào (katsuobushi) và tảo bẹ (kombu).
    *   **Nước tương (Shoyu)**
    *   **Rượu ngọt Mirin**
    *   Nước dùng này được nấu cùng với thịt và hành, nên vị ngọt từ thịt và hành sẽ tiết ra, làm cho nước dùng rất đậm vị.
5.  **Gia vị rắc thêm (Tùy chọn):** Thường là **bột ớt 7 vị (Shichimi Togarashi)** để tăng thêm hương vị cay nồng và ấm áp.

---

### Giải thích tên gọi ""Nanban""

Từ ""Nanban"" (南蛮) có nghĩa là ""người man di phương Nam"", là từ người Nhật xưa dùng để chỉ người Bồ Đào Nha và Tây Ban Nha đến Nhật vào thế kỷ 16. Trong ẩm thực, ""Nanban"" được dùng để chỉ những món ăn có sử dụng nguyên liệu được cho là do người nước ngoài du nhập, đặc biệt là **hành lá (negi)** và **ớt**. Trong món soba này, ""Nanban"" chính là để chỉ việc sử dụng hành lá dài.

---

**Tóm lại, Nanban Soba là món mì kiều mạch với nước dùng nóng, có thành phần chính là thịt vịt (hoặc gà) và hành lá dài của Nhật.**"
jpn,南 蛮 そ ば,eng,"南 蛮 そ ば: Of course!

**Nanban Soba (南蛮そば)** is a Japanese hot noodle dish. The name can be broken down to understand its core ingredients:

*   **Soba (そば):** Buckwheat noodles, served in a hot soup.
*   **Nanban (南蛮):** This is the key part. In this specific culinary context, ""Nanban"" refers to the addition of **duck (or chicken)** and **long green onions (*negi*)**.

So, a typical bowl of Nanban Soba is made from:

1.  **Soba Noodles:** The foundation of the dish.
2.  **Hot Broth (Tsuyu):** A savory soup made from dashi (bonito and kelp stock), soy sauce, and mirin.
3.  **Duck or Chicken:**
    *   **Duck (鴨, *kamo*)** is the traditional and most classic version, called **Kamo Nanban Soba (鴨南蛮そば)**. The fat from the duck melts into the broth, giving it a rich, deep flavor.
    *   **Chicken (鶏, *tori*)** is a very common and popular alternative, called **Tori Nanban Soba (鶏南蛮そば)**.
4.  **Long Green Onions (長ねぎ, *naganegi*):** These are sliced, often diagonally, and simmered in the broth until they become sweet and tender. They are an essential part of the ""Nanban"" identity of this dish.

---

### In Summary:

**Nanban Soba = Soba noodles + Hot savory broth + Sliced duck (or chicken) + Cooked long green onions.**

It's often garnished with a sprinkle of *shichimi togarashi* (seven-spice powder) or a sliver of yuzu peel for extra aroma. It's a classic, warming, and flavorful dish, especially popular in the colder months."
vie,gỏi bò quá ngon,vie,"gỏi bò quá ngon: Chào bạn, ""Gỏi bò quá ngon"" là cách nói khen một món **gỏi bò** rất ngon. Món ăn này được làm từ những nguyên liệu chính sau đây, tạo nên sự hòa quyện tuyệt vời về hương vị và kết cấu:

Về cơ bản, gỏi bò là một món salad kiểu Việt với thịt bò là nguyên liệu chính.

### Các Thành Phần Chính Của Món Gỏi Bò

**1. Thịt Bò:**
*   **Loại thịt:** Thường dùng thịt thăn bò hoặc bắp bò vì thịt mềm, ngọt và ít mỡ.
*   **Cách chế biến:** Thịt bò được thái lát thật mỏng. Có nhiều cách chế biến thịt:
    *   **Bò tái chanh (phổ biến nhất):** Thịt bò tươi được trộn với nước cốt chanh để làm thịt ""chín"" tái bằng axit, giữ được độ mềm và ngọt tự nhiên.
    *   **Bò xào:** Thịt bò được xào nhanh trên lửa lớn với tỏi cho thơm và vừa chín tới.
    *   **Bò luộc/nhúng:** Thịt bò được nhúng nhanh vào nước sôi để chín tái rồi vớt ra ngay.

**2. Rau Củ (Tạo độ giòn, tươi mát):**
*   **Hành tây:** Thái lát mỏng, ngâm với nước đá hoặc giấm đường để bớt hăng và giữ độ giòn.
*   **Cà rốt, dưa leo:** Bào sợi nhỏ.
*   **Bắp chuối (hoa chuối):** Thái mỏng, ngâm nước muối loãng hoặc nước chanh để không bị thâm.
*   **Giá đỗ:** Rửa sạch, để ráo.
*   Tùy vùng miền có thể có thêm khế chua, chuối chát thái lát mỏng.

**3. Rau Thơm (Tạo mùi vị đặc trưng):**
*   Đây là phần không thể thiếu, quyết định hương vị của món gỏi Việt. Các loại rau thường dùng là:
    *   **Rau húng lủi (bạc hà)**
    *   **Rau răm**
    *   **Ngò rí (rau mùi)**
    *   **Kinh giới, tía tô...**

**4. Nước Trộn Gỏi (Linh hồn của món ăn):**
*   Đây là yếu tố quan trọng nhất, quyết định món gỏi có ngon hay không. Nước trộn gỏi có vị chua, cay, mặn, ngọt cân bằng, được pha từ:
    *   **Nước mắm ngon**
    *   **Đường**
    *   **Nước cốt chanh (hoặc giấm)**
    *   **Tỏi băm**
    *   **Ớt băm**

**5. Đồ Ăn Kèm và Trang Trí:**
*   **Đậu phộng (lạc) rang:** Giã dập, rắc lên trên để tạo vị bùi và thơm.
*   **Hành phi:** Rắc lên trên để tăng hương vị.
*   **Bánh phồng tôm:** Món ăn kèm kinh điển, dùng để xúc gỏi ăn rất hợp.

**Tóm lại, ""Gỏi bò quá ngon"" là món salad bò với sự kết hợp của:**
*   Vị ngọt mềm của **thịt bò**.
*   Vị giòn tươi của **rau củ** (hành tây, cà rốt...).
*   Hương thơm nồng nàn của các loại **rau thơm**.
*   Vị chua cay mặn ngọt đậm đà của **nước trộn gỏi**.
*   Vị bùi béo của **đậu phộng rang và hành phi**.

Tất cả hòa quyện tạo thành một món ăn thanh mát, hấp dẫn và rất kích thích vị giác."
vie,gỏi bò quá ngon,eng,"gỏi bò quá ngon: That's a great question! You've actually combined the name of a dish with a compliment.

Let's break it down:
*   **Gỏi Bò:** This is the name of the dish.
*   **Quá Ngon:** This is a Vietnamese phrase meaning ""very delicious"" or ""so delicious.""

So, when someone says ""gỏi bò quá ngon,"" they are saying, ""This Vietnamese beef salad is so delicious!""

---

### What is Gỏi Bò (Vietnamese Beef Salad) made from?

**Gỏi Bò** is a classic Vietnamese salad known for its refreshing, vibrant, and complex balance of flavors: sweet, sour, salty, savory, and spicy. It's not a lettuce-based salad like in Western cuisine, but a ""tossed"" mixture of meat, herbs, and vegetables.

Here are the typical core ingredients:

#### 1. The Beef (Bò)
*   **Cut:** Tender cuts like sirloin, flank steak, or filet mignon are used.
*   **Preparation:** The beef is sliced very thinly.
*   **Cooking:** It is usually cooked very quickly to keep it tender, often to a medium-rare state. Common methods include:
    *   **Blanching:** Quickly dipping the beef in boiling water.
    *   **Searing:** Pan-searing the slices for a few seconds on each side.
    *   **""Curing"" in Lime Juice (Tái Chanh):** Marinating the raw, thin slices in lime juice, where the acid ""cooks"" the beef, similar to a ceviche.

#### 2. The Vegetables and Aromatics
This is the ""gỏi"" (salad) part, providing crunch and freshness.
*   **Onions:** Thinly sliced red onions or shallots, often soaked in a bit of vinegar and sugar to mellow their sharpness.
*   **Carrots & Daikon Radish:** Julienned (cut into thin matchsticks), sometimes lightly pickled.
*   **Cucumber:** Sliced or julienned.
*   **Bell Peppers:** Thinly sliced for color and crunch.

#### 3. The Fresh Herbs
This is a hallmark of Vietnamese cuisine and essential to the dish's flavor.
*   **Mint** (Rau Húng Lủi)
*   **Thai Basil** (Húng Quế)
*   **Cilantro** (Ngò Rí)
*   **Vietnamese Coriander / Rau Răm** (has a distinct spicy, cilantro-like flavor)

#### 4. The Dressing (Nước Mắm Chấm / Nước Trộn Gỏi)
The dressing ties everything together with a perfect sweet, sour, and savory balance.
*   **Fish Sauce (Nước Mắm):** The salty, umami backbone.
*   **Lime Juice:** For bright acidity.
*   **Sugar:** To balance the saltiness and sourness.
*   **Garlic & Chilies:** Finely chopped or minced for pungency and heat.
*   **Water:** To dilute the dressing to the right consistency.

#### 5. The Toppings
These are added at the end for texture and flavor.
*   **Crushed Roasted Peanuts:** For a nutty flavor and crunch.
*   **Fried Shallots (Hành Phi):** Crispy, savory, and aromatic. This is a crucial topping.
*   **Prawn Crackers (Bánh Phồng Tôm):** Often served on the side for scooping up the salad.

In summary, **Gỏi Bò is a refreshing Vietnamese beef salad** made by tossing thinly sliced, tender beef with a mix of crunchy vegetables, an abundance of fresh herbs, and a signature sweet and tangy fish sauce dressing, all finished with crispy shallots and peanuts."
vie,gỏi bò quá ngon,jpn,"gỏi bò quá ngon: 「gỏi bò quá ngon」は、ベトナム語で**「とても美味しい牛肉の和えサラダ」**という意味ですね！

「Gỏi bò」（ゴイ・ボー）が料理名で、「quá ngon」（クア・ゴン）が「とても美味しい」という感想の部分です。

この**「Gỏi bò」（ゴイ・ボー）**は、主に以下の材料から作られています。

### 主な材料

1.  **牛肉 (Bò)**
    *   薄切りにした牛肉を使います。さっと茹でたり、炒めたりして火を通します。ライムの酸味で軽く締める（レアに近い状態にする）レシピもあります。

2.  **野菜 (Rau củ)**
    *   玉ねぎ（特に紫玉ねぎ）、人参、きゅうり、大根、もやしなど。これらを千切りや薄切りにして、シャキシャキとした食感を加えます。
    *   地域やお店によっては、バナナの花（Bắp chuối）やスターフルーツ（Khế）が入ることもあります。

3.  **ハーブ (Rau thơm)**
    *   ミント、パクチー（コリアンダー）、ベトナムコリアンダー（Rau răm - ザウザム）、タイバジルなどがたっぷり入ります。これがベトナム料理らしい爽やかな香りの秘訣です。

4.  **ドレッシング (Nước chấm - ヌクチャム)**
    *   甘酸っぱくて少しピリ辛い、ベトナムの万能だれ「ヌクチャム」をベースにしたものが一般的です。
    *   **魚醤（ヌクマム）**、**ライムの絞り汁**、**砂糖**、お酢、ニンニク、唐辛子などを混ぜて作ります。

5.  **トッピング (Topping)**
    *   食感のアクセントとして、炒った**ピーナッツ**を砕いたものや、**フライドオニオン**（Hành phi - ハインフィー）が上からかかっていることが多いです。

### まとめ
これらの材料をすべて和えることで、**牛肉の旨味、野菜のシャキシャキ感、ハーブの爽やかな香り、そして甘酸っぱいドレッシング**が一体となった、さっぱりとしていながらも食べ応えのある一皿になります。

付け合わせにえびせん（Bánh phồng tôm）が出てきて、それに乗せて食べることも多いですよ。

「quá ngon（とても美味しい）」と仰るのも納得の、絶妙なバランスの料理ですね！"
vie,gỏi bò tắc non cà pháo,jpn,"gỏi bò tắc non cà pháo: 「gỏi bò tắc non cà pháo」は、ベトナムのとても風味豊かで食感の楽しい和え物（サラダ）です。料理の名前がそのまま主な材料を表しています。

それぞれの単語を分解すると、何から作られているかがよくわかります。

*   **Gỏi (ゴイ)**：ベトナム語で「和え物」や「サラダ」を意味します。
*   **Bò (ボー)**：牛肉。通常は薄切りにして、さっと湯通ししたり、軽く炒めたりして、柔らかく仕上げます。
*   **Tắc non (タック・ノン)**：**「若いカラマンシー」**のことです。
    *   `Tắc`はカラマンシーという柑橘類で、ライムよりも香りが強く、独特の酸味があります。
    *   `Non`は「若い、未熟な」という意味です。
    *   この料理では、まだ熟していない緑色の若いカラマンシーを、皮ごと薄切りにして使います。これにより、果汁の酸味だけでなく、皮の爽やかで少しビターな香りが加わり、料理全体の風味を引き締めます。
*   **Cà pháo (カー・ファオ)**：**「小さな丸いナス」**のことです。
    *   `Cà`はナスを意味します。
    *   `Pháo`は「爆竹」という意味で、白くて丸い形からその名がついています。日本語では「スズメナス」とも呼ばれます。
    *   生のままではなく、通常は塩や酢で漬け込んだもの（ピクルス）を使います。これにより、カリカリとした非常に良い食感と、塩気・酸味が加わります。

### 主な材料のまとめ

したがって、「gỏi bò tắc non cà pháo」の主な材料は以下の通りです。

1.  **牛肉 (Bò)**：薄切りにして火を通したもの。
2.  **若いカラマンシー (Tắc non)**：皮ごとスライスしたもの。この料理の最大の特徴です。
3.  **スズメナスのピクルス (Cà pháo muối chua)**：カリカリした食感を担当します。

### その他の一般的な材料

これらの主材料に加えて、風味と食感を豊かにするために以下のものがよく使われます。

*   **香味野菜 (Rau thơm)**：ミント、コリアンダー、ベトナムコリアンダー（ザウラム）、大葉（シソ）など、たくさんのハーブが使われます。
*   **野菜**：玉ねぎのスライス、人参の千切りなど。
*   **ドレッシング (Nước mắm trộn gỏi)**：魚醤（ヌックマム）、砂糖、ライム（またはカラマンシー）の果汁、ニンニク、唐辛子を混ぜ合わせた、甘酸っぱくて少しピリ辛のタレで全体を和えます。
*   **トッピング**：フライドオニオンやローストピーナッツを散らして、香ばしさと食感を加えます。

### 味の特徴

全体として、牛肉の旨味、カラマンシーの強烈で爽やかな酸味と香り、スズメナスのカリカリした食感と塩味、そしてハーブの香りが一体となった、非常に複雑でバランスの取れた味わいのサラダです。暑い日にぴったりの、食欲をそそる一品です。"
vie,gỏi bò tắc non cà pháo,eng,"gỏi bò tắc non cà pháo: Of course! ""Gỏi bò tắc non cà pháo"" is a vibrant and refreshing Vietnamese beef salad. The name itself breaks down the main ingredients.

Let's look at each part of the name:

*   **Gỏi:** The Vietnamese word for ""salad."" These are typically not lettuce-based but are a mix of protein, herbs, and vegetables with a pungent dressing.
*   **Bò:** Means ""beef.""
*   **Tắc non:** This is the star ingredient. **""Tắc""** is calamansi (a small, sour citrus fruit, also known as a Philippine lime), and **""non""** means young or unripe. So, this refers to **thinly sliced young calamansi**, used whole with the rind, which provides an intense, fragrant sourness and a slightly bitter note.
*   **Cà pháo:** This refers to a type of small, round, white or light green eggplant, often called **pea eggplant** or Thai eggplant. It's known for its incredibly crunchy texture.

### **Main Components of the Dish:**

The dish is made from a combination of these key elements:

1.  **Beef (Bò):** Usually a tender cut like sirloin or tenderloin, which is very thinly sliced. It's often prepared rare, either by ""cooking"" it ceviche-style in the acidic dressing or by being quickly blanched or seared.

2.  **Young Calamansi (Tắc non):** This is what makes the salad unique. The entire young fruit is sliced paper-thin and tossed into the salad, providing a powerful citrus aroma and a sharp, sour flavor that cuts through the richness of the beef.

3.  **Pea Eggplant (Cà pháo):** These are sliced thinly and added for their signature crunchy texture, which contrasts beautifully with the tender beef. They can be used fresh or sometimes pickled.

4.  **The Dressing (Nước Trộn Gỏi):** A classic Vietnamese salad dressing that balances sweet, sour, salty, and spicy flavors. It's typically made from:
    *   Fish sauce (nước mắm)
    *   Sugar
    *   Lime juice (in addition to the sourness from the calamansi)
    *   Minced garlic and chili

5.  **Herbs and Aromatics:** Like most Vietnamese salads, it's packed with fresh herbs, which may include:
    *   Mint (húng lủi)
    *   Vietnamese coriander (rau răm)
    *   Thinly sliced onions or shallots (often soaked in vinegar to mellow them)

6.  **Toppings:** For texture and flavor, the salad is almost always finished with:
    *   Roasted, crushed peanuts
    *   Crispy fried shallots

In summary, **gỏi bò tắc non cà pháo** is a **rare beef salad** defined by the intense, fragrant sourness of **young calamansi** and the distinctive crunch of **pea eggplant**, all brought together with a classic Vietnamese dressing and a generous amount of fresh herbs."
vie,gỏi bò tắc non cà pháo,vie,"gỏi bò tắc non cà pháo: Chào bạn, **Gỏi bò tắc non cà pháo** là một món gỏi (salad) của Việt Nam, nổi bật với sự kết hợp hương vị độc đáo giữa thịt bò, vị chua thanh của tắc và độ giòn của cà pháo.

Thành phần chính để làm món này bao gồm:

### 1. Nguyên liệu chính (Tên món ăn đã nói lên tất cả):
*   **Thịt bò:** Thường là phần **bắp bò** hoặc **thăn bò**. Bắp bò được ưa chuộng vì có độ dai giòn sần sật của gân sau khi luộc chín. Thịt bò sẽ được luộc hoặc hấp chín tới, sau đó thái lát thật mỏng.
*   **Tắc non (hoặc Quất non):** Đây là ""linh hồn"" tạo nên hương vị đặc trưng của món ăn. Tắc được chọn là những quả còn non, vỏ xanh, thơm. Người ta sẽ thái lát thật mỏng cả vỏ, bỏ hạt. Vỏ tắc có tinh dầu rất thơm, kết hợp với vị chua thanh của ruột tắc.
*   **Cà pháo:** Thường là loại **cà pháo muối xổi** hoặc **cà pháo muối chua**. Cà pháo đã được muối làm giảm vị hăng, tăng độ giòn sần sật và có vị mặn chua nhẹ, rất hợp với gỏi.

### 2. Nước trộn gỏi:
Đây là yếu tố quyết định độ ngon của món gỏi, thường được pha theo công thức chua - cay - mặn - ngọt cân bằng:
*   **Nước mắm** ngon.
*   **Đường**.
*   **Tỏi, ớt** băm nhuyễn.
*   **Nước cốt tắc** (vắt từ những quả tắc khác) để tăng thêm vị chua.

### 3. Các loại rau thơm và nguyên liệu đi kèm:
*   **Hành tây:** Thái lát mỏng, ngâm với nước đá hoặc giấm đường để bớt hăng và giữ độ giòn.
*   **Rau thơm:** Rất đa dạng, phổ biến nhất là **rau răm, húng lủi, ngò gai**.
*   **Hành phi:** Rắc lên trên cùng để tăng hương thơm và độ béo.
*   **Đậu phộng (lạc) rang:** Giã dập và rắc lên trên để tạo vị bùi.

**Tóm lại,** món ăn này là sự hòa quyện tuyệt vời của:
*   Vị **ngọt** của thịt bò.
*   Vị **chua thanh và thơm nồng** của tắc non thái lát.
*   Vị **giòn sần sật** và mặn nhẹ của cà pháo muối.
*   Vị **cay** của ớt, **nồng** của tỏi và hành tây.
*   Hương **thơm** của các loại rau và hành phi, vị **bùi** của đậu phộng.

Đây là một món khai vị hoặc món nhậu rất hấp dẫn và được nhiều người yêu thích."
vie,gỏi bò bóp thấu,vie,"gỏi bò bóp thấu: Chào bạn,

**Gỏi bò bóp thấu** là một món gỏi (salad) đặc trưng của ẩm thực Việt Nam, nổi tiếng với sự hòa quyện tinh tế giữa nhiều hương vị.

Thành phần chính của món ăn này bao gồm:

**1. Nguyên liệu chính:**

*   **Thịt bò:** Thường là thịt thăn hoặc bắp bò tươi ngon, được thái lát thật mỏng. Thịt bò có thể được chần sơ qua nước sôi cho chín tái hoặc để tái sống rồi trộn với nước cốt chanh để làm chín bằng axit (giống cách làm ceviche của Nam Mỹ).
*   **Hành tây:** Thái mỏng, ngâm với nước đá hoặc giấm đường để bớt hăng và giữ được độ giòn.
*   **Chuối chát và Khế chua:** Đây là hai thành phần rất đặc trưng, tạo nên vị chua chát độc đáo. Chúng được thái lát mỏng và ngâm ngay vào nước có pha chút muối hoặc chanh để không bị thâm đen.

**2. Rau thơm và gia vị đi kèm:**

*   **Rau thơm:** Các loại rau như húng lủi, húng quế, rau răm, ngò gai... được cắt nhỏ để tạo mùi thơm và sự tươi mát.
*   **Đậu phộng (lạc) rang:** Giã dập để rắc lên trên, tạo vị bùi và kết cấu giòn.
*   **Hành phi:** Tăng thêm mùi thơm hấp dẫn cho món gỏi.
*   **Ớt:** Thái lát hoặc băm nhỏ để tạo vị cay.

**3. Linh hồn của món ăn - Nước mắm trộn gỏi:**

Đây là yếu tố quyết định đến 90% độ ngon của món ăn. Nước mắm trộn được pha từ:
*   **Nước mắm ngon**
*   **Đường**
*   **Nước cốt chanh (hoặc giấm)**
*   **Tỏi và ớt băm nhuyễn**

Tất cả được pha theo một tỷ lệ vàng để tạo nên vị **chua, cay, mặn, ngọt** hài hòa, đậm đà.

---

**Tên gọi ""Bóp Thấu"" có ý nghĩa gì?**

*   **""Bóp"":** Là hành động dùng tay trộn đều các nguyên liệu với nhau.
*   **""Thấu"":** Có nghĩa là thấm, ngấm.

**""Bóp thấu""** mô tả chính xác cách làm của món ăn: trộn đều và nhẹ nhàng để nước sốt thấm sâu vào từng miếng thịt bò, hành tây và các loại rau củ, giúp tất cả các hương vị hòa quyện vào nhau.

Khi ăn, gỏi bò bóp thấu thường được dùng kèm với **bánh phồng tôm** giòn rụm hoặc **bánh đa nướng**."
vie,gỏi bò bóp thấu,jpn,"gỏi bò bóp thấu: はい、gỏi bò bóp thấu（ゴイ・ボー・ボップ・タウ）の主な材料について説明しますね。

**gỏi bò bóp thấu**は、ベトナムの酸味と甘辛さが特徴的な牛肉のサラダです。新鮮な野菜やハーブと、さっと火を通した牛肉を、手で和えて（bóp）、味を浸透させた（thấu）料理です。

一般的に、以下の材料から作られています。

### 主な材料 (Chính)

*   **牛肉 (Bò):** 脂身の少ない赤身肉（サーロインやもも肉など）を薄切りにして使います。完全に火を通さず、さっと湯通ししたり、ライムの酸で締めたり（セビーチェのように）して、半生の状態で使うのが特徴です。
*   **玉ねぎ (Hành tây):** 薄切りにして水にさらし、辛味を抜いて使います。
*   **バナナの花 (Hoa chuối):** ベトナム料理でよく使われる食材で、シャキシャキとした食感が特徴です。細切りにして使います。日本では手に入りにくいため、他の野菜で代用されることもあります。

### 野菜とハーブ (Rau và rau thơm)

*   **スターフルーツ (Khế):** 酸味を加えるために使われることが多いです。薄切りにします。
*   **きゅうり (Dưa leo):** 千切りまたは薄切り。
*   **人参 (Cà rốt):** 千切り。
*   **各種ハーブ:**
    *   **ミント (Húng lủi)**
    *   **ベトナムコリアンダー / ラウラム (Rau răm)**
    *   **タイバジル (Húng quế)**
    *   **パクチー / コリアンダー (Ngò rí)** など、数種類のハーブをたっぷり使います。これがベトナムサラダらしい爽やかな香りの源です。

### ドレッシング (Nước mắm trộn gỏi)

甘くて、酸っぱくて、塩辛くて、少し辛い「ヌクチャム（Nước chấm）」をベースにしたドレッシングで和えます。
*   **ニョクマム (Nước mắm):** ベトナムの魚醤。味の基本です。
*   **ライム果汁 (Nước cốt chanh):** 酸味を加えます。お酢を使うこともあります。
*   **砂糖 (Đường):** 甘みを加えます。
*   **ニンニク (Tỏi):** みじん切り。
*   **唐辛子 (Ớt):** みじん切り。

### トッピング (Để trang trí)

*   **フライドエシャロット (Hành phi):** 揚げた赤わけぎ。香ばしさと食感を加えるために必須です。
*   **ローストピーナッツ (Đậu phộng rang):** 粗く砕いて振りかけます。
*   **えびせん (Bánh phồng tôm):** 付け合わせとして添えられ、サラダをすくって食べることが多いです。

---

### まとめ

**gỏi bò bóp thấu**は、**「半生の牛肉、玉ねぎ、バナナの花、たくさんのハーブ類を、甘酸っぱいヌクチャムベースのドレッシングで和え、ピーナッツとフライドエシャロットをかけた爽やかなサラダ」**と言うことができます。

ちなみに、名前の意味は以下の通りです。
*   **Gỏi (ゴイ):** サラダ、和え物
*   **Bò (ボー):** 牛肉
*   **Bóp (ボップ):** 手で揉む、混ぜ合わせる
*   **Thấu (タウ):** 浸透する、染み込む

「牛肉を手で混ぜ合わせて味を浸透させたサラダ」という意味になります。"
vie,gỏi bò bóp thấu,eng,"gỏi bò bóp thấu: Excellent question! **Gỏi bò bóp thấu** is a classic and refreshing **Vietnamese beef salad**.

The name itself describes the dish perfectly:
*   **Gỏi**: Salad
*   **Bò**: Beef
*   **Bóp Thấu**: A term for the preparation method. ""Bóp"" means to toss or squeeze by hand, and ""thấu"" refers to the technique of quickly cooking the beef, either by blanching it or ""curing"" it with a strong acid like lime juice (similar to a ceviche). The beef is not served completely raw, nor is it fully cooked through, leaving it incredibly tender.

Here are the core ingredients that make up the dish:

### Key Components:

1.  **The Beef (Bò):** Thinly sliced beef, typically from a tender cut like sirloin or flank steak. It's prepared using the ""thấu"" method described above.

2.  **The Vegetables & Fruits:** This is what gives the salad its signature crunch and tartness. Common ingredients include:
    *   **Starfruit (Khế)**: Sliced thinly, providing a sour, juicy crunch.
    *   **Green Banana (Chuối Chát)**: Very thinly sliced and often soaked in water to prevent browning. It has a firm texture and a slightly astringent taste that balances the richness of the beef.
    *   **Onions or Shallots**: Sliced very thinly.

3.  **The Fresh Herbs:** Essential for any Vietnamese salad, they provide a burst of fresh, aromatic flavor. The most common herbs are:
    *   Vietnamese Mint / Rau Răm
    *   Mint / Húng Lủi
    *   Vietnamese Coriander / Sawtooth Coriander
    *   Thai Basil / Húng Quế

4.  **The Dressing (Nước Chấm Chua Ngọt):** The soul of the salad is a classic Vietnamese sweet and sour dressing made from:
    *   **Fish Sauce (Nước Mắm)** for saltiness and umami.
    *   **Lime Juice** for sourness.
    *   **Sugar** for sweetness.
    *   **Garlic and Chilies**, finely chopped for pungency and heat.

5.  **The Toppings:** For texture and flavor, the salad is almost always finished with:
    *   **Roasted Peanuts (Đậu Phộng Rang)**, crushed.
    *   **Fried Shallots (Hành Phi)**.

In summary, **gỏi bò bóp thấu** is a vibrant salad made from **tender blanched beef tossed with tangy starfruit, green banana, fresh herbs, and a savory-sweet dressing, topped with crunchy peanuts and fried shallots.** It's often served as an appetizer with crispy prawn crackers (bánh phồng tôm) for scooping."
vie,gỏi ngó sen tôm thịt,eng,"gỏi ngó sen tôm thịt: Of course! **Gỏi Ngó Sen Tôm Thịt** is a classic and refreshing Vietnamese salad. The name itself breaks down the main ingredients:

*   **Gỏi:** Vietnamese Salad (typically a mix of vegetables/herbs with a sweet, sour, and savory dressing)
*   **Ngó Sen:** Lotus Stem (or Lotus Rootlet)
*   **Tôm:** Shrimp
*   **Thịt:** Meat (in this dish, it specifically refers to **pork**)

So, at its core, it's a **Vietnamese Lotus Stem Salad with Shrimp and Pork.**

Here is a more detailed breakdown of what the dish is made from:

### Main Components:

1.  **Lotus Stems (Ngó Sen):** This is the star ingredient. They are the young, tender stems of the lotus plant. They have a wonderfully crunchy, crisp, and slightly spongy texture that soaks up the dressing beautifully. They are usually bought pre-pickled in brine or fresh and then prepped.
2.  **Shrimp (Tôm):** Medium-sized shrimp are typically boiled or steamed until pink, then peeled and often sliced in half lengthwise.
3.  **Pork (Thịt):** The most common cut is **pork belly** (`thịt ba rọi`) or sometimes pork shoulder. It is boiled until tender and then thinly sliced. The combination of lean meat and fat adds richness to the salad.

### The ""Salad"" and Flavoring Components:

4.  **Herbs & Vegetables:**
    *   **Carrots:** Julienned for color and a bit of sweetness.
    *   **Onion or Shallots:** Thinly sliced.
    *   **Vietnamese Coriander (Rau Răm):** This is a key herb with a distinct peppery, citrusy flavor that is essential to the dish.
    *   **Mint (Húng Lủi):** Adds a bright, fresh aroma.

5.  **The Dressing (Nước Mắm Trộn Gỏi):** This is the soul of the salad, bringing everything together with a perfect balance of flavors:
    *   **Fish Sauce (Nước Mắm):** For the salty, umami base.
    *   **Lime Juice or Rice Vinegar:** For the sour, tangy element.
    *   **Sugar:** To provide sweetness and balance the other flavors.
    *   **Garlic and Red Chilies:** Minced, for pungency and heat.

6.  **Toppings:** These are crucial for texture and aroma.
    *   **Roasted Peanuts:** Coarsely crushed and sprinkled on top for a nutty crunch.
    *   **Fried Shallots (Hành Phi):** Crispy, savory, and aromatic.
    *   **Prawn Crackers (Bánh Phồng Tôm):** The salad is very often served with a side of crispy prawn crackers, which are used as an edible spoon to scoop up the salad.

In summary, **Gỏi Ngó Sen Tôm Thịt** is a vibrant festival of textures and flavors: the crunch from the lotus stems and peanuts, the tenderness of the pork and shrimp, the freshness of the herbs, and the iconic sweet, sour, salty, and spicy taste of the Vietnamese dressing."
vie,gỏi ngó sen tôm thịt,jpn,"gỏi ngó sen tôm thịt: 「gỏi ngó sen tôm thịt」（ゴイ・ゴー・セン・トム・ティット）は、ベトナムの伝統的なサラダの一種です。日本語では「**ハスの茎とエビと豚肉のサラダ**」と訳されます。

料理の名前がそのまま材料を表しています。
*   **gỏi** (ゴイ)： 「和え物」や「サラダ」
*   **ngó sen** (ゴー・セン)：「ハスの茎（蓮の若い茎や地下茎）」
*   **tôm** (トム)：「エビ」
*   **thịt** (ティット)：「肉」（一般的には豚肉）

具体的には、以下の材料から作られています。

### 主な材料
*   **ハスの茎 (Ngó sen):** このサラダの主役です。シャキシャキとした独特の食感が特徴です。水煮にされて瓶詰や真空パックで売られているものがよく使われます。
*   **エビ (Tôm):** 茹でて殻をむいたものを使います。
*   **豚肉 (Thịt):** 茹でて薄切りにした豚バラ肉やもも肉が一般的です。

### その他の野菜や添え物
*   **人参、きゅうり:** 千切りにして彩りや食感を加えます。
*   **玉ねぎ:** 薄切りにして水にさらし、辛味を抜いたもの。
*   **香草（ハーブ）:** ミント、パクチー（コリアンダー）、ベトナムシソなど、爽やかな香りのハーブがたっぷり入ります。
*   **ピーナッツ:** 粗く砕いて上に散らし、香ばしさとカリカリした食感を加えます。
*   **フライドオニオン:** 同様に香ばしさを加えるために使われます。

### ドレッシング（Nước chấm / ヌクチャム）
このサラダの味の決め手となる、甘酸っぱくて少し辛いベトナムの万能ダレです。
*   **ニョクマム (Nước mắm):** 魚醤。味のベースになります。
*   **砂糖:** 甘みを加えます。
*   **ライム果汁（または酢）:** 爽やかな酸味を加えます。
*   **水:** 全体の味をマイルドにまとめます。
*   **ニンニクと唐辛子:** みじん切りにして加え、風味と辛味をプラスします。

これらの材料をすべて混ぜ合わせることで、ハスの茎のシャキシャキ感、エビのプリプリ感、ハーブの爽やかな香り、そして甘酸っぱいドレッシングが一体となった、非常に美味しくてさっぱりとしたサラダが出来上がります。"
vie,gỏi ngó sen tôm thịt,vie,"gỏi ngó sen tôm thịt: Chào bạn,

**Gỏi ngó sen tôm thịt** là một món gỏi (salad) rất phổ biến và được yêu thích trong ẩm thực Việt Nam, nổi bật với vị chua, cay, mặn, ngọt hài hòa và độ giòn mát đặc trưng.

Các thành phần chính để làm món này bao gồm:

### 1. Thành phần chính (Tên gọi của món ăn):
*   **Ngó sen:** Đây là nguyên liệu chủ đạo, là phần thân non của cây sen. Ngó sen sau khi sơ chế có màu trắng, vị ngọt nhẹ và rất giòn.
*   **Tôm tươi:** Thường là tôm sú hoặc tôm thẻ, được luộc chín, bóc vỏ, chẻ đôi để tôm thấm gia vị.
*   **Thịt heo:** Phổ biến nhất là **thịt ba rọi (thịt ba chỉ)** được luộc chín rồi thái mỏng. Phần mỡ và nạc xen kẽ của thịt ba rọi giúp món gỏi có độ béo ngậy, không bị khô.

### 2. Rau củ và rau thơm:
*   **Cà rốt:** Bào sợi để tạo màu sắc đẹp mắt và tăng thêm độ giòn ngọt.
*   **Hành tây:** Thái mỏng, thường được ngâm với chút giấm đường hoặc nước đá để giảm vị hăng và giữ độ giòn.
*   **Rau răm:** Đây là loại rau thơm không thể thiếu, tạo nên hương vị đặc trưng cho món gỏi.
*   **Các loại rau thơm khác (tùy chọn):** Húng lủi, húng quế, ngò rí (rau mùi).

### 3. Nước mắm trộn gỏi (Linh hồn của món ăn):
Đây là phần quyết định hương vị của món gỏi, được pha theo tỷ lệ cân bằng giữa các vị:
*   **Nước mắm ngon:** Vị mặn chủ đạo.
*   **Đường:** Tạo vị ngọt dịu.
*   **Nước cốt chanh (hoặc giấm):** Tạo vị chua thanh.
*   **Tỏi, ớt băm nhuyễn:** Tạo vị cay nồng và hương thơm.

### 4. Gia vị và đồ ăn kèm:
*   **Đậu phộng (lạc) rang:** Giã dập và rắc lên trên cùng khi ăn để tăng độ bùi và giòn.
*   **Hành phi:** Rắc lên trên để tạo mùi thơm hấp dẫn.
*   **Kiệu chua (tùy chọn):** Một vài củ kiệu ngâm chua thái lát sẽ giúp món ăn thêm phần đặc sắc.
*   **Bánh phồng tôm:** Món ăn kèm kinh điển. Gỏi được xúc ăn cùng với bánh phồng tôm chiên giòn rất hợp vị.

Khi ăn, tất cả các nguyên liệu trên sẽ được trộn đều với nhau, tạo nên một món ăn tổng hòa về hương vị (chua, cay, mặn, ngọt) và kết cấu (giòn, dai, mềm, bùi), rất thích hợp làm món khai vị hoặc món nhậu."
vie,gỏi củ hủ dừa tôm thịt,vie,"gỏi củ hủ dừa tôm thịt: Chào bạn,

**Gỏi củ hủ dừa tôm thịt** là một món gỏi (salad) đặc trưng của miền Tây Nam Bộ Việt Nam, nổi tiếng với hương vị thanh mát, giòn ngọt và không gây ngán.

Món ăn này được làm từ sự kết hợp hài hòa của các nguyên liệu chính sau đây:

### 1. Nguyên liệu chính (tạo nên tên gọi của món ăn):

*   **Củ hủ dừa:** Đây là phần non nhất, trắng nõn nằm trên ngọn của cây dừa, còn được gọi là ""đọt dừa"" hay ""tim dừa"". Củ hủ dừa có vị ngọt thanh, mát và đặc biệt là rất giòn. Đây là linh hồn của món ăn, tạo nên sự khác biệt và đẳng cấp.
*   **Tôm:** Thường là tôm sú hoặc tôm thẻ, được luộc chín, bóc vỏ. Tôm mang lại vị ngọt đậm đà của hải sản.
*   **Thịt:** Thường dùng thịt ba rọi (thịt ba chỉ) luộc chín, thái mỏng. Phần mỡ và nạc xen kẽ của thịt ba rọi giúp món gỏi có thêm vị béo ngậy, cân bằng với vị thanh mát của củ hủ dừa.

### 2. Rau củ và rau thơm ăn kèm:

*   **Rau răm:** Loại rau thơm không thể thiếu, có mùi thơm nồng đặc trưng giúp món gỏi dậy mùi và át đi vị tanh của tôm.
*   **Hành tây:** Thái mỏng, thường được ngâm qua nước đá hoặc giấm đường để giảm bớt vị hăng và giữ được độ giòn.
*   **Cà rốt:** Bào sợi để tăng thêm màu sắc và độ giòn cho món gỏi.
*   **Dưa leo (tùy chọn):** Bỏ ruột, thái mỏng để tăng thêm độ mát.

### 3. Nước trộn gỏi (Nước mắm chua ngọt):

Đây là yếu tố quyết định đến 80% độ ngon của món gỏi. Nước trộn được pha theo tỷ lệ vàng giữa các gia vị:
*   **Nước mắm ngon**
*   **Đường**
*   **Nước cốt chanh** (hoặc giấm)
*   **Tỏi băm**
*   **Ớt băm**

Nước trộn phải có vị chua, ngọt, mặn hài hòa, đậm đà để thấm đều vào các nguyên liệu.

### 4. Nguyên liệu rắc lên trên (Topping):

*   **Đậu phộng (lạc) rang:** Giã dập, rắc lên trên cùng khi ăn để tạo vị bùi, béo và thơm.
*   **Hành phi:** Hành tím thái mỏng phi vàng giòn, giúp món ăn thơm lừng hấp dẫn.

### Món ăn kèm:

Gỏi củ hủ dừa tôm thịt thường được ăn kèm với **bánh phồng tôm chiên giòn** hoặc **bánh tráng mè nướng**. Người ăn sẽ dùng bánh phồng tôm để xúc gỏi, tạo nên sự kết hợp thú vị giữa độ giòn tan của bánh và độ giòn mát của gỏi.

**Tóm lại,** đây là món ăn tổng hòa của nhiều hương vị: vị ngọt thanh giòn sần sật của củ hủ dừa, vị ngọt của tôm, vị béo của thịt, vị chua ngọt đậm đà của nước mắm, thơm nồng của rau răm và hành phi, bùi béo của đậu phộng. Tất cả tạo nên một món khai vị hoàn hảo, tươi mát và cực kỳ hấp dẫn."
vie,gỏi củ hủ dừa tôm thịt,jpn,"gỏi củ hủ dừa tôm thịt: 「gỏi củ hủ dừa tôm thịt」は、ベトナム南部の名物料理で、爽やかな味わいが特徴のサラダです。

料理の名前を分解すると、材料がよくわかります。

*   **gỏi**（ゴイ）：ベトナム語で「サラダ」や「和え物」を意味します。
*   **củ hủ dừa**（クーフーユア）：**ココナッツの木の芯（新芽）**のことです。この料理の主役で、白くてシャキシャキした食感と、ほんのりとした甘みが特徴です。
*   **tôm**（トム）：**エビ**のことです。
*   **thịt**（ティット）：**肉**のことで、一般的には**豚肉**が使われます。

---

### 主な材料 (何から作られているか)

このサラダは、主に以下の材料から作られています。

1.  **ココナッツの芯 (Củ hủ dừa)**
    *   ココナッツの木の成長点にある、柔らかく若い芯の部分です。クセがなく、タケノコやレンコンのようなシャキシャキとした食感が楽しめます。

2.  **エビ (Tôm)**
    *   茹でるか蒸したエビが使われます。プリプリの食感がアクセントになります。

3.  **豚肉 (Thịt)**
    *   茹でた豚肉（豚バラ肉や赤身肉）を薄切りにしたものです。料理に旨味と満足感を加えます。

4.  **香味野菜やハーブ (Rau thơm)**
    *   ベトナム料理に欠かせないミント、ベトナムコリアンダー( rau răm )、玉ねぎ、人参などが彩りと香りを添えます。

5.  **トッピング**
    *   **煎りピーナッツ (Đậu phộng rang)**：砕いたピーナッツを散らして、香ばしさとカリカリした食感を加えます。
    *   **フライドオニオン (Hành phi)**：揚げたエシャロットや玉ねぎで、香ばしい風味を加えます。

6.  **ドレッシング (Nước chấm)**
    *   ベトナムの万能だれ「ヌクチャム」をベースにした、甘酸っぱくて少しピリ辛のドレッシングで全体を和えます。
    *   材料は、**ヌクマム（魚醤）**、**砂糖**、**ライム果汁（または酢）**、**ニンニク**、**唐辛子**です。

### まとめ

つまり、「gỏi củ hủ dừa tôm thịt」は、**「シャキシャキのココナッツの芯をメインに、エビと豚肉、様々なハーブを甘酸っぱいドレッシングで和え、ピーナッツとフライドオニオンをトッピングした、具だくさんで爽やかなベトナム風サラダ」**です。

食感のコントラスト（シャキシャキ、プリプリ、カリカリ）と、甘味・酸味・塩味・旨味のバランスが絶妙で、とても美味しい料理です。 często jest podawany z krakersami krewetkowymi (bánh phồng tôm) do nabierania sałatki."
vie,gỏi củ hủ dừa tôm thịt,eng,"gỏi củ hủ dừa tôm thịt: Excellent question! **Gỏi củ hủ dừa tôm thịt** is a classic and delicious Vietnamese salad.

Let's break down the name to understand its main components:
*   **Gỏi**: Vietnamese word for ""salad"" (typically a mix of shredded vegetables/fruit with a dressing, not a leafy green salad).
*   **Củ Hủ Dừa**: This is the star ingredient. It translates to ""heart of the coconut palm."" It's the crisp, tender, and mildly sweet inner core from the top of a coconut tree.
*   **Tôm**: Shrimp.
*   **Thịt**: Meat, which in this dish almost always refers to **pork**.

So, the dish is a **Vietnamese salad made from the heart of coconut palm with shrimp and pork**.

Here is a more detailed list of what it's typically made from:

### Main Ingredients:
1.  **Củ Hủ Dừa (Heart of Coconut Palm):** This is the base of the salad. It's thinly sliced or julienned, providing a wonderfully crisp and refreshing texture.
2.  **Tôm (Shrimp):** Usually boiled or steamed, peeled, and often sliced in half lengthwise.
3.  **Thịt Ba Rọi (Pork Belly):** A piece of pork belly is boiled until tender and then thinly sliced. The combination of lean meat and fat adds a rich flavor and satisfying texture. Sometimes a leaner cut of pork is used.

### Supporting Ingredients (to build flavor and texture):
*   **Fresh Herbs:** Essential for its vibrant flavor. Common herbs include:
    *   **Rau Răm** (Vietnamese Coriander)
    *   **Húng Lủi** (Mint)
*   **Vegetables & Aromatics:** Thinly sliced carrots and onions (or shallots) are often added for color, crunch, and a bit of sharpness.
*   **Dressing (Nước Mắm Trộn Gỏi):** The soul of the salad, a classic Vietnamese sweet, sour, and savory dressing made from:
    *   **Nước Mắm** (Fish Sauce)
    *   **Lime Juice**
    *   **Sugar**
    *   **Garlic** and **Chili**
*   **Garnishes:** The salad is almost always topped with:
    *   **Đậu Phộng Rang** (Roasted Peanuts), crushed for a nutty crunch.
    *   **Hành Phi** (Fried Shallots) for a savory, crispy finish.

The final dish is a delightful combination of textures (crispy, tender, crunchy) and flavors (sweet, sour, savory, fresh, and slightly spicy). It is often served as an appetizer with **bánh phồng tôm** (prawn crackers) for scooping."
vie,gỏi sứa tôm thịt,eng,"gỏi sứa tôm thịt: Of course! **Gỏi sứa tôm thịt** is a classic Vietnamese salad. The name itself tells you the main ingredients:

*   **Gỏi** = Salad
*   **Sứa** = Jellyfish
*   **Tôm** = Shrimp
*   **Thịt** = Meat (in this context, it almost always refers to **pork**)

So, it's a **Jellyfish, Shrimp, and Pork Salad**.

Here's a more detailed breakdown of what it's made from:

### Key Ingredients:

1.  **Main Proteins:**
    *   **Jellyfish (Sứa):** This isn't raw jellyfish. It's a specific type of edible jellyfish that has been processed (usually salted and dried), then rehydrated. It has a very satisfying, crunchy, and slightly chewy texture. It's prized for this texture rather than its flavor, which is very mild.
    *   **Shrimp (Tôm):** Usually boiled or steamed, peeled, and sometimes sliced in half lengthwise.
    *   **Pork (Thịt):** Typically boiled pork belly (`thịt ba chỉ`) or pork shoulder, which is then thinly sliced. The combination of lean meat and fat from the pork belly adds richness to the salad.

2.  **Vegetables & Herbs:**
    *   A mix of shredded vegetables provides a fresh, crisp base. Common choices include **carrots**, **cucumber**, and thinly sliced **onions**.
    *   A generous amount of fresh Vietnamese herbs is essential. The most common are **Vietnamese coriander (rau răm)** and **mint (húng lủi)**.

3.  **The Dressing (Nước Mắm Pha):**
    *   This is the soul of the salad. It's a classic Vietnamese dressing with a perfect balance of sweet, sour, salty, and spicy. It's made from **fish sauce, lime juice, sugar, water, minced garlic,** and **minced chilies**.

4.  **Toppings:**
    *   The salad is almost always finished with **crushed roasted peanuts** (for a nutty crunch) and **crispy fried shallots** (for a savory, aromatic flavor).

### How It's Served:

The salad is tossed together just before serving to keep the ingredients crisp. It's often served as an appetizer or a light main course, especially in hot weather. Frequently, it's served with **bánh phồng tôm** (puffy shrimp crackers) on the side, which are used to scoop up the salad.

In short, **Gỏi Sứa Tôm Thịt** is a light, refreshing, and texturally exciting dish that perfectly balances savory proteins with fresh herbs, crisp vegetables, and a tangy-sweet dressing."
vie,gỏi sứa tôm thịt,jpn,"gỏi sứa tôm thịt: はい、「gỏi sứa tôm thịt」（ゴイ・スア・トム・ティット）の材料について説明しますね。

この料理は、ベトナムのさっぱりとした和え物（サラダ）です。料理の名前がそのまま主な材料を表しています。

*   **Gỏi (ゴイ):** 「和え物」や「サラダ」
*   **Sứa (スア):** 「クラゲ」
*   **Tôm (トム):** 「エビ」
*   **Thịt (ティット):** 「肉」（一般的には豚肉）

つまり、**「クラゲとエビと豚肉のサラダ」**という意味になります。

具体的に使われる材料は以下の通りです。

### 主な材料
*   **クラゲ (Sứa):** 塩抜きして、コリコリとした食感を楽しめるように細切りにされたものが使われます。
*   **エビ (Tôm):** 茹でて殻をむいた、プリプリのエビです。
*   **豚肉 (Thịt):** 茹でた豚バラ肉や豚ロース肉を薄切りにしたものです。
*   **野菜:**
    *   キュウリ
    *   ニンジン
    *   玉ねぎ（薄切りにして水にさらしたもの）
    *   もやし
    *   （本場では）バナナの花のスライスなどが入ることもあります。
*   **ハーブ類:**
    *   香菜（パクチー/コリアンダー）
    *   ミント
    *   その他ベトナムのハーブ

### 味付けのタレ（Nước chấm - ヌックチャム）
これらの材料を、甘酸っぱくて少しピリ辛のタレで和えます。タレの主な材料は次の通りです。
*   **ヌクマム (Nước mắm):** ベトナムの魚醤。味の基本です。
*   **砂糖**
*   **ライム果汁** または **酢**
*   **水**
*   **ニンニク**（みじん切り）
*   **唐辛子**（輪切りまたはみじん切り）

### 仕上げのトッピング
最後に、食感と香りを加えるために、以下のようなものがよく使われます。
*   **砕いたローストピーナッツ**
*   **フライドオニオン**

### まとめ
「gỏi sứa tôm thịt」は、**クラゲのコリコリ感、エビのプリプリ感、豚肉の旨味、そして野菜のシャキシャキ感**が一体となり、甘酸っぱいヌックチャムでまとめられた、食感も風味も豊かな料理です。ベトナムの暑い気候にぴったりの、さっぱりとしていながらも食べ応えのある人気のサラダです。"
vie,gỏi sứa tôm thịt,vie,"gỏi sứa tôm thịt: Chào bạn, **Gỏi sứa tôm thịt** là một món gỏi (hay còn gọi là nộm) rất phổ biến và được yêu thích ở Việt Nam, đặc biệt là trong những ngày hè nóng nực. Món ăn này là sự kết hợp hài hòa giữa nhiều nguyên liệu, tạo nên hương vị thanh mát, giòn ngon và đậm đà.

Thành phần chính của món ăn này được thể hiện ngay trong tên gọi:

1.  **Sứa (Jellyfish):** Đây là thành phần tạo nên sự đặc trưng cho món gỏi. Sứa được sử dụng là loại sứa đã qua sơ chế, làm sạch, có màu trắng trong hoặc hơi ngà. Đặc điểm nổi bật nhất của sứa là **độ giòn sần sật** rất vui miệng.

2.  **Tôm (Shrimp):** Tôm tươi (thường là tôm sú hoặc tôm thẻ) được luộc chín, bóc vỏ, chừa lại đuôi cho đẹp mắt. Tôm mang lại **vị ngọt tự nhiên** và màu đỏ cam bắt mắt cho món gỏi.

3.  **Thịt (Meat):** Loại thịt thường được dùng nhất là **thịt ba chỉ (ba rọi) heo**. Thịt được luộc chín, thái mỏng. Phần nạc mềm kết hợp với phần mỡ béo ngậy giúp món ăn thêm đậm đà, không bị khô.

Ngoài 3 thành phần chính trên, để làm nên một đĩa gỏi sứa tôm thịt hoàn chỉnh không thể thiếu các nguyên liệu phụ và gia vị sau:

*   **Rau củ:**
    *   **Dưa chuột (dưa leo), cà rốt:** Thái sợi để tăng độ giòn và màu sắc.
    *   **Hành tây:** Thái mỏng, ngâm nước đá để bớt hăng và giữ độ giòn.
    *   **Xoài xanh:** Thái sợi, góp thêm vị chua thanh mát.

*   **Rau thơm:**
    *   **Rau răm, kinh giới, húng lủi (bạc hà):** Các loại rau thơm đặc trưng của Việt Nam, giúp món ăn dậy mùi và cân bằng hương vị.

*   **Gia vị và nguyên liệu khác:**
    *   **Đậu phộng (lạc) rang:** Giã dập, rắc lên trên để tạo vị bùi, béo.
    *   **Hành phi:** Tăng thêm mùi thơm hấp dẫn.
    *   **Ớt, tỏi:** Băm nhỏ để pha nước mắm và tạo vị cay nồng.

*   **Linh hồn của món ăn - Nước mắm trộn gỏi:**
    *   Đây là yếu tố quyết định món gỏi có ngon hay không. Nước mắm được pha theo tỷ lệ cân bằng giữa **chua - cay - mặn - ngọt** từ nước mắm ngon, đường, nước cốt chanh (hoặc giấm), tỏi và ớt băm.

**Tóm lại, gỏi sứa tôm thịt được làm từ:**

*   **Nguyên liệu chính:** Sứa giòn, tôm ngọt và thịt ba chỉ béo mềm.
*   **Rau củ:** Dưa chuột, cà rốt, hành tây, xoài xanh để tạo độ giòn, mát và màu sắc.
*   **Rau thơm & gia vị:** Rau răm, húng lủi, đậu phộng rang, hành phi để tăng hương vị.
*   **Nước trộn:** Nước mắm chua ngọt đậm đà để kết nối tất cả các nguyên liệu lại với nhau.

Khi ăn, người ta thường dùng kèm với **bánh phồng tôm** hoặc **bánh tráng nướng** để xúc gỏi, tạo thêm một tầng hương vị và kết cấu giòn tan rất thú vị."
vie,gỏi xoài tôm khô cá sặc,vie,"gỏi xoài tôm khô cá sặc: Chào bạn, **Gỏi xoài tôm khô cá sặc** là một món gỏi (salad) đặc trưng của ẩm thực miền Nam Việt Nam, nổi tiếng với sự kết hợp hài hòa giữa các vị chua, cay, mặn, ngọt.

Ngay từ tên gọi, bạn đã có thể đoán được những thành phần chính của món ăn này. Cụ thể, các nguyên liệu làm nên món gỏi này bao gồm:

### A. Nguyên liệu chính:

1.  **Xoài xanh:** Đây là thành phần không thể thiếu. Người ta thường dùng xoài xanh (chưa chín) có độ chua giòn, được bào thành sợi nhỏ.
2.  **Tôm khô:** Những con tôm được phơi khô, có vị ngọt đậm đà và mùi thơm đặc trưng. Trước khi trộn gỏi, tôm khô thường được ngâm nước cho mềm rồi có thể rang sơ qua cho thơm.
3.  **Khô cá sặc:** Đây là điểm nhấn đặc biệt của món ăn. Cá sặc được làm sạch, tẩm ướp gia vị rồi phơi khô. Khi chế biến, khô cá sặc sẽ được nướng hoặc chiên giòn, sau đó xé nhỏ ra. Phần cá này vừa thơm, vừa mặn, vừa dai, tạo nên hương vị rất riêng.

### B. Nước mắm trộn gỏi:

Đây là ""linh hồn"" của món gỏi, quyết định sự cân bằng hương vị. Nước mắm trộn thường được pha từ:
*   **Nước mắm ngon:** Tạo vị mặn đậm đà.
*   **Đường:** Tạo vị ngọt để cân bằng với vị chua của xoài và vị mặn của mắm, cá khô.
*   **Nước cốt chanh (hoặc tắc):** Tăng thêm vị chua thanh.
*   **Tỏi và ớt băm:** Tạo vị cay nồng và mùi thơm hấp dẫn.

### C. Rau thơm và nguyên liệu phụ:

Để món gỏi thêm phần hấp dẫn và trọn vẹn, người ta thường cho thêm:
*   **Rau răm:** Mùi thơm hăng nồng của rau răm cực kỳ hợp với các món gỏi, đặc biệt là gỏi xoài.
*   **Đậu phộng (lạc) rang:** Giã dập, rắc lên trên cùng để tạo vị bùi béo và độ giòn.
*   **Hành phi:** Tăng thêm mùi thơm và sự hấp dẫn cho món ăn.

**Tóm lại, Gỏi xoài tôm khô cá sặc là sự hòa quyện của:**

*   Vị **chua giòn** của xoài xanh.
*   Vị **mặn thơm** và **dai dai** của khô cá sặc nướng.
*   Vị **ngọt đậm đà** của tôm khô.
*   Sự cân bằng **chua-cay-mặn-ngọt** của nước mắm trộn.
*   Mùi thơm của **rau răm**, vị bùi của **đậu phộng** và **hành phi**.

Đây là một món khai vị, món ăn vặt hoặc món nhậu (""mồi"") rất được ưa chuộng ở Việt Nam."
vie,gỏi xoài tôm khô cá sặc,jpn,"gỏi xoài tôm khô cá sặc: 「gỏi xoài tôm khô cá sặc」は、ベトナム南部の名物料理で、酸味と塩気、甘みが特徴的な和え物（サラダ）です。

名前を一つずつ分解すると、主な材料がわかります。

*   **gỏi**（ゴイ）：和え物、サラダ
*   **xoài**（ソアイ）：マンゴー
*   **tôm khô**（トムコー）：干しエビ
*   **cá sặc**（カサック）：特定の魚の名前（スネークスキングラミーという魚）

具体的には、以下の材料から作られています。

---

### 主な材料

1.  **青マンゴー (Xoài xanh)**
    *   熟した黄色いマンゴーではなく、**まだ熟していない緑色の硬いマンゴー**を使います。
    *   強い酸味と、シャキシャキとした歯ごたえが特徴です。千切りにして使います。

2.  **干しエビ (Tôm khô)**
    *   乾燥させた小エビです。料理に強い旨味と塩気を加えます。
    *   水で少し戻したり、軽く炒って香ばしさを出してから使われることもあります。

3.  **干し魚 (Khô cá sặc)**
    *   この料理の最大の特徴です。「カ・サック（cá sặc）」というスネークスキングラミーという種類の淡水魚を干したものです。
    *   この干し魚を**焼いたり揚げたりして香ばしさを出し、手で細かくほぐして**サラダに加えます。独特の風味と塩気が加わります。

4.  **ドレッシング (Nước mắm chấm)**
    *   ベトナム料理の基本となる甘酸っぱいタレです。以下のものを混ぜて作ります。
        *   **ヌクマム** (Nước mắm / 魚醤)
        *   **砂糖**
        *   **ライム**の搾り汁
        *   **ニンニク**（みじん切り）
        *   **唐辛子**（お好みで）

5.  **その他の香味野菜やトッピング**
    *   **赤玉ねぎ**のスライス
    *   **ミント**や**コリアンダー**などのハーブ類
    *   **煎ったピーナッツ**（砕いたもの）：香ばしさとカリカリした食感を加えるために、最後に振りかけられます。

---

### まとめ

一言で言うと、「gỏi xoài tôm khô cá sặc」は、**「酸っぱい青マンゴーを主役に、干しエビと香ばしい干し魚で旨味と塩気を加え、甘酸っぱくて少しピリ辛いヌクマムのタレで和えた、食感も楽しいサラダ」**です。

ベトナムの暑い気候にぴったりの、さっぱりとしながらも味わい深い一品です。"
vie,gỏi xoài tôm khô cá sặc,eng,"gỏi xoài tôm khô cá sặc: Of course! **Gỏi xoài tôm khô cá sặc** is a classic and popular Vietnamese green mango salad.

The name itself tells you the main ingredients:
*   **Gỏi**: Salad
*   **Xoài**: Mango (specifically unripe, **green mango**)
*   **Tôm khô**: Dried shrimp
*   **Cá sặc**: Gourami fish (specifically **dried, salted gourami**)

Here is a detailed breakdown of what the dish is made from:

### Main Components:

1.  **Green Mango (Xoài Xanh):** This is the base of the salad. Unripe, sour, and crunchy green mango is julienned or shredded. This provides the signature tartness and refreshing crunch.
2.  **Dried Shrimp (Tôm Khô):** Small, savory dried shrimp are soaked to soften them slightly. They add a chewy texture and a salty, umami depth to the salad.
3.  **Dried Gourami Fish (Cá Sặc Khô):** This is the star ingredient that sets this salad apart. The dried, salted gourami fish is typically grilled or deep-fried until it's very crispy and aromatic. It is then shredded by hand into small, flaky pieces. It provides a smoky, intensely savory, and crunchy element.

### The Dressing (Nước Mắm Trộn Gỏi):

The dressing is what ties everything together. It's a perfect balance of sweet, sour, salty, and spicy flavors, typically made from:
*   **Fish Sauce (Nước Mắm):** The salty, umami base.
*   **Sugar (Đường):** To balance the saltiness and the tartness of the mango.
*   **Lime Juice (Nước Cốt Chanh):** For fresh acidity.
*   **Garlic and Chilies:** Finely minced to add pungency and heat.

### Herbs and Toppings:

To complete the dish, these are added for aroma and texture:
*   **Vietnamese Mint (Rau Răm):** This is the classic herb pairing for this salad, adding a distinct peppery and cilantro-like flavor.
*   **Roasted Peanuts (Đậu Phộng Rang):** Crushed and sprinkled on top for a nutty flavor and crunch.
*   **Fried Shallots (Hành Phi):** Crispy fried shallots are an essential garnish, providing a sweet, aromatic crunch.

In short, **gỏi xoài tôm khô cá sặc** is a vibrant and complex salad that hits all the flavor notes: the **sourness** of the green mango, the **saltiness and umami** from the dried shrimp and fried fish, the **sweetness** from the dressing's sugar, and the **spiciness** from the chilies, all brought together with fresh herbs and a satisfying crunch."
vie,gỏi xoài tôm thịt,eng,"gỏi xoài tôm thịt: Of course! **Gỏi Xoài Tôm Thịt** is a classic Vietnamese green mango salad. The name itself breaks down the main ingredients:

*   **Gỏi:** Salad
*   **Xoài:** Mango (specifically, green, unripe mango)
*   **Tôm:** Shrimp
*   **Thịt:** Meat (typically boiled pork)

Here is a more detailed breakdown of what the dish is made from:

### Main Components:

1.  **Green Mango (Xoài Xanh):** This is the star of the dish. Unripe, green mangoes are used because they are firm, crunchy, and tart, which is perfect for a salad. The mango is peeled and then julienned or shredded into thin strips.
2.  **Shrimp (Tôm):** Medium-sized shrimp are typically boiled or steamed until just cooked, then peeled, deveined, and often sliced in half lengthwise.
3.  **Pork (Thịt):** The most common choice is pork belly (`thịt ba rọi` or `thịt ba chỉ`), which is boiled until tender and then thinly sliced. The combination of fat and meat adds richness to the salad. Sometimes, leaner pork loin is used as an alternative.

### The Dressing (Nước Mắm Trộn Gỏi):

The vibrant, signature flavor of the salad comes from its dressing, which is a variation of the classic Vietnamese dipping sauce (`nước chấm`). It's a perfect balance of sweet, sour, salty, and spicy.
*   **Fish Sauce (Nước Mắm):** The salty, umami base.
*   **Lime Juice:** For fresh, tart acidity.
*   **Sugar:** To balance the sourness and saltiness.
*   **Garlic & Chilies:** Finely minced to add pungency and heat.

### Fresh Herbs & Vegetables:

These are tossed in to add layers of freshness, aroma, and color.
*   **Vietnamese Coriander (Rau Răm):** This is a key herb with a distinct peppery and citrusy flavor.
*   **Mint (Rau Húng Lủi):** Adds a cool, fresh aroma.
*   **Carrots:** Julienned for extra crunch and color.
*   **Red Onion or Shallots:** Thinly sliced for a bit of a sharp bite.

### Garnishes:

These are added right before serving for texture and flavor.
*   **Roasted Peanuts:** Crushed or coarsely chopped, they are essential for a nutty flavor and crunchy texture.
*   **Fried Shallots (Hành Phi):** Crispy, savory, and aromatic, this is a classic Vietnamese garnish.

In summary, **Gỏi Xoài Tôm Thịt** is a refreshing and complex salad made by tossing shredded green mango, boiled shrimp, and sliced pork with a sweet, sour, and spicy fish sauce dressing, fresh herbs, and topped with crunchy peanuts and fried shallots."
vie,gỏi xoài tôm thịt,vie,"gỏi xoài tôm thịt: Chào bạn, **Gỏi xoài tôm thịt** là một món gỏi (salad) nổi tiếng và rất được yêu thích trong ẩm thực Việt Nam. Món ăn này là sự kết hợp hài hòa của vị chua, cay, mặn, ngọt, được làm từ các nhóm nguyên liệu chính sau đây:

### 1. Nhóm Nguyên Liệu Chính (Tạo nên tên gọi)
*   **Xoài xanh:** Đây là thành phần không thể thiếu. Người ta dùng xoài xanh (chưa chín) để có được vị chua thanh và độ giòn sần sật. Xoài thường được gọt vỏ và bào thành sợi dài.
*   **Tôm tươi:** Tôm được luộc chín, bóc vỏ, bỏ đầu và chỉ đen. Tôm có thể để nguyên con (nếu nhỏ) hoặc chẻ đôi để trông đẹp mắt và dễ thấm gia vị hơn.
*   **Thịt heo (Thịt lợn):** Thường dùng nhất là **thịt ba rọi (ba chỉ)** vì có cả nạc và mỡ, khi luộc lên sẽ mềm và béo ngậy. Thịt được luộc chín rồi thái thành những lát mỏng.

### 2. Nhóm Rau Thơm và Rau Củ
*   **Rau răm:** Loại rau thơm đặc trưng nhất của món gỏi này, có vị cay nồng nhẹ, giúp món ăn dậy mùi và không bị tanh.
*   **Húng lủi (Bạc hà):** Tăng thêm hương vị tươi mát.
*   **Cà rốt:** Thường được bào sợi chung với xoài để thêm màu sắc đẹp mắt và vị ngọt nhẹ.
*   **Hành tây (tùy chọn):** Một số nơi sẽ cho thêm hành tây thái mỏng, ngâm qua nước đá để bớt hăng và giữ độ giòn.

### 3. Nước Mắm Trộn Gỏi (Linh hồn của món ăn)
Đây là yếu tố quyết định độ ngon của món gỏi, được pha theo tỷ lệ ""vàng"" để tạo ra vị chua-cay-mặn-ngọt cân bằng. Thành phần thường bao gồm:
*   **Nước mắm ngon**
*   **Đường**
*   **Nước cốt chanh (hoặc giấm)**
*   **Tỏi băm**
*   **Ớt băm**

### 4. Thành Phần Rắc Lên Trên (Ăn Kèm và Trang Trí)
*   **Đậu phộng (Lạc) rang:** Giã dập và rắc lên trên cùng khi ăn để tạo vị bùi, béo và giòn.
*   **Hành phi:** Tăng thêm mùi thơm hấp dẫn và độ giòn.
*   **Bánh phồng tôm:** Món ăn kèm kinh điển. Gỏi xoài thường được xúc ăn cùng với bánh phồng tôm giòn rụm, rất hợp vị.

---

**Tóm lại,** Gỏi xoài tôm thịt là sự hòa quyện tuyệt vời giữa độ giòn và vị chua của xoài xanh, vị ngọt của tôm, vị béo của thịt, hương thơm của các loại rau, sự đậm đà của nước mắm chua ngọt, và cuối cùng là vị bùi giòn của đậu phộng và hành phi."
vie,gỏi xoài tôm thịt,jpn,"gỏi xoài tôm thịt: はい、`gỏi xoài tôm thịt`（ゴイ・ソアイ・トム・ティット）の主な材料について説明しますね。

これはベトナムの、甘酸っぱくて爽やかなサラダです。料理の名前がそのまま材料を表しています。

*   **Gỏi (ゴイ)**：和え物、サラダ
*   **Xoài (ソアイ)**：マンゴー
*   **Tôm (トム)**：エビ
*   **Thịt (ティット)**：肉（主に豚肉）

具体的には、以下の材料から作られています。

### 主な材料

1.  **青いマンゴー (Xoài xanh)**
    *   この料理の主役です。熟した黄色いマンゴーではなく、**硬くて酸っぱい青いマンゴー**を千切りにして使います。シャキシャキとした食感と爽やかな酸味が特徴です。

2.  **エビ (Tôm)**
    *   茹でたエビを使います。殻をむき、丸ごと、あるいは半分に切って加えます。

3.  **豚肉 (Thịt)**
    *   茹でた豚肉を薄切りにしたものを使います。豚バラ肉やロース肉が一般的です。鶏のささみで代用することもあります。

### その他の野菜やハーブ

*   **人参 (Cà rốt)**：彩りと食感のために、千切りにして加えます。
*   **玉ねぎ (Hành tây)**：薄切りにした玉ねぎ（特に赤玉ねぎ）が入ることが多いです。
*   **香草 (Rau thơm)**：ミント、パクチー（コリアンダー）、ベトナムミント（Rau răm / ラウラム）など、爽やかな香りのハーブがたっぷり入ります。これがベトナム料理らしい風味の決め手です。

### ドレッシング (Nước chấm pha)

これらの材料を和えるタレは、ベトナムの万能だれ「ヌクチャム（Nước chấm）」をベースにしています。
*   **ヌクマム (Nước mắm)**：魚醤。塩気のベースになります。
*   **砂糖 (Đường)**：甘み。
*   **ライム果汁 (Nước cốt chanh)**：酸味。
*   **ニンニク (Tỏi)**：みじん切りにしたもの。
*   **唐辛子 (Ớt)**：みじん切りにしたもの。ピリ辛のアクセントになります。

### トッピング

仕上げに、食感と香ばしさを加えるために以下を振りかけます。
*   **ローストピーナッツ (Đậu phộng rang)**：砕いたもの。
*   **フライドオニオン (Hành phi)**：揚げた赤わけぎ。

---

**まとめると、「gỏi xoài tôm thịt」は、青いマンゴーの酸味と食感、エビと豚肉の旨味、ハーブの爽やかさ、そして甘酸っぱくスパイシーなタレが一体となった、非常にバランスの取れた美味しいサラダです。**"
vie,gỏi mực thái lan,jpn,"gỏi mực thái lan: 「**ゴイ・ムック・タイ・ラン**」（Gỏi Mực Thái Lan）は、ベトナム料理の一つで、「**タイ風のイカのサラダ（和え物）**」を意味します。

名前の通り、タイ料理のスパイシーで甘酸っぱい味付け（ヤム）に影響を受けたベトナム料理です。主な材料は以下の通りです。

### 主な材料

1.  **主役：イカ (Mực)**
    *   通常は、茹でるかさっと火を通したイカを使います。プリプリとした食感が特徴です。

2.  **野菜類**
    *   **玉ねぎ**：薄切りにして水にさらし、辛味を抜いたもの。
    *   **セロリ**：シャキシャキとした食感を加えます。
    *   **トマト**：酸味と彩りを加えます。
    *   **人参**：千切りにして彩りと食感を加えます。
    *   **パクチー（コリアンダー）**：独特の風味が料理全体を引き締めます。

3.  **ドレッシング（味付けの決め手）**
    タイ風の「甘・酸・辛・塩」のバランスがとれた味付けが特徴です。
    *   **ナンプラー（魚醤）**：塩気と旨味の基本です。
    *   **ライムの絞り汁**：爽やかな酸味を加えます。
    *   **砂糖**：甘みを加えます。
    *   **唐辛子**：ピリッとした辛さを加えます。
    *   **ニンニク**：風味とパンチを加えます。

4.  **トッピング**
    *   **ピーナッツ**：砕いたローストピーナッツを散らして、香ばしさと食感を加えます。
    *   **フライドオニオン/フライドエシャロット**：香ばしさを加えるためによく使われます。

---

### まとめ

一言で言うと、「**茹でたイカと香味野菜を、ナンプラー、ライム、唐辛子などで作った甘酸っぱくてスパイシーなドレッシングで和え、ピーナッツを散らした料理**」です。

タイ料理の「**ヤム・プラームック**（イカのスパイシーサラダ）」と非常によく似ていますが、ベトナム料理としてアレンジされています。イカの歯ごたえと野菜のシャキシャキ感、そして後を引く甘酸っぱさが食欲をそそり、ビールなどのお酒のおつまみとしても非常に人気があります。"
vie,gỏi mực thái lan,eng,"gỏi mực thái lan: Of course!

**Gỏi mực Thái Lan** translates directly to **""Thai-style Squid Salad.""**

It's a popular Vietnamese dish that is heavily inspired by the bold, fresh flavors of Thai cuisine. The main components are:

### Primary Ingredient:
*   **Mực (Squid):** The star of the dish. The squid is typically cleaned and then quickly boiled, steamed, or sometimes grilled to keep it tender. It's then sliced into rings or bite-sized pieces.

### Key ""Thai-Style"" Flavor Components:
This is what gives the salad its name. It's a vibrant dressing that balances the four key Thai flavors:
*   **Sour:** From fresh **lime juice** (nước cốt chanh).
*   **Spicy:** From fresh, chopped **red chilies** (ớt).
*   **Salty:** From **fish sauce** (nước mắm).
*   **Sweet:** From **sugar** (đường), often palm sugar.
*   **Aromatics:** Finely sliced **lemongrass** (sả), garlic (tỏi), and shallots (hành tím) are essential for the Thai fragrance.

### Other Common Ingredients:
To complete the salad (""gỏi""), various fresh and crunchy vegetables and herbs are added:
*   **Vegetables:** Thinly sliced onions (hành tây), carrots (cà rốt), and celery (cần tây) are very common. Sometimes you'll also find tomatoes or cucumber.
*   **Herbs:** A generous amount of fresh herbs like **cilantro** (ngò rí) and **Vietnamese mint** (rau răm) are tossed in.
*   **Garnish:** It's almost always topped with crushed **roasted peanuts** (đậu phộng rang) for crunch and nutty flavor.

In short, **gỏi mực Thái Lan is a spicy and sour squid salad** that combines tender squid with crunchy vegetables and a powerful, aromatic dressing characteristic of Thai food."
vie,gỏi mực thái lan,vie,"gỏi mực thái lan: Chào bạn,

**Gỏi mực Thái Lan** là một món gỏi trộn nổi tiếng với hương vị chua, cay, mặn, ngọt hài hòa và đậm đà đặc trưng của ẩm thực Thái. Món ăn này được làm từ những nguyên liệu chính sau đây:

### 1. Nguyên liệu chính (Phần đạm)
*   **Mực tươi:** Đây là thành phần không thể thiếu. Người ta thường dùng mực ống hoặc mực lá. Mực được làm sạch, sau đó luộc hoặc hấp chín tới để giữ được độ giòn, ngọt tự nhiên mà không bị dai. Mực thường được thái thành từng khoanh tròn hoặc khía vảy rồng cho đẹp mắt.

### 2. Rau củ và rau thơm
Đây là phần tạo nên sự tươi mát, giòn ngon và hương thơm cho món gỏi:
*   **Hành tây:** Thái mỏng, thường được ngâm qua nước đá để giảm vị hăng và tăng độ giòn.
*   **Cần tây:** Thái lát xéo, giúp món ăn thêm giòn và thơm.
*   **Cà rốt:** Bào sợi để tăng màu sắc và độ giòn ngọt.
*   **Dưa chuột (Dưa leo):** Bỏ ruột, thái lát mỏng.
*   **Cà chua:** Thường dùng cà chua bi cắt đôi cho đẹp mắt và có vị chua nhẹ.
*   **Rau thơm:** Sự kết hợp của các loại rau thơm là linh hồn của món ăn, bao gồm **rau răm, ngò rí (rau mùi), húng lủi (bạc hà)**. Một số nơi còn cho thêm sả bào mỏng.

### 3. Nước trộn gỏi (Quan trọng nhất)
Nước trộn gỏi kiểu Thái quyết định đến 80% sự thành công của món ăn, được pha theo tỷ lệ vàng của 4 vị:
*   **Vị chua:** Từ **nước cốt chanh** tươi.
*   **Vị cay:** Từ **ớt tươi** thái lát hoặc băm nhỏ (đôi khi có cả ớt bột).
*   **Vị mặn:** Từ **nước mắm** ngon.
*   **Vị ngọt:** Từ **đường** (thường là đường thốt nốt để có vị ngọt thanh).
*   **Hương thơm:** Từ **tỏi** băm nhuyễn.

Tất cả các thành phần này được hòa quyện với nhau tạo thành một hỗn hợp nước sốt sền sệt, đậm đà.

### 4. Nguyên liệu rắc thêm (Topping)
Để món ăn hoàn hảo hơn, người ta thường rắc lên trên:
*   **Đậu phộng (lạc) rang:** Giã dập để tạo vị bùi và thơm.
*   **Hành phi:** Tăng thêm hương thơm và độ giòn.

**Tóm lại, Gỏi mực Thái Lan là sự kết hợp tinh tế giữa mực tươi giòn ngọt, các loại rau củ tươi mát, và nước sốt trộn chua cay mặn ngọt bùng nổ vị giác.** Đây là một món khai vị hoặc món nhậu vô cùng hấp dẫn."
vie,gỏi khoai môn hải sản,vie,"gỏi khoai môn hải sản: Chào bạn,

**Gỏi khoai môn hải sản** là một món gỏi (salad) đặc trưng của ẩm thực Việt Nam, kết hợp vị giòn rụm của khoai môn chiên, vị ngọt tươi của hải sản và vị chua ngọt đậm đà của nước mắm trộn.

Đây là các thành phần chính để làm nên món ăn này:

### 1. Thành phần chính:
*   **Khoai môn:** Đây là ""linh hồn"" tạo nên sự khác biệt cho món gỏi. Khoai môn thường được bào thành sợi nhỏ, dài rồi **đem chiên giòn vàng** (deep-fried). Lớp khoai môn chiên giòn rụm này chính là điểm nhấn đặc sắc nhất của món ăn.
*   **Hải sản:** Thành phần này mang lại vị ngọt tự nhiên và dinh dưỡng. Các loại hải sản phổ biến nhất bao gồm:
    *   **Tôm:** Thường được luộc hoặc hấp chín, bóc vỏ, chừa lại đuôi cho đẹp mắt.
    *   **Mực:** Có thể là mực ống hoặc mực lá, được làm sạch, luộc hoặc hấp chín tới để giữ độ giòn, sau đó thái khoanh hoặc khía vảy rồng rồi cắt miếng vừa ăn.
    *   *Ngoài ra, một số nơi có thể biến tấu thêm sò điệp hoặc các loại hải sản khác.*

### 2. Rau củ và rau thơm:
*   **Hành tây:** Thái mỏng, ngâm với nước đá hoặc giấm đường để giảm vị hăng và giữ độ giòn.
*   **Cà rốt:** Bào sợi để tạo màu sắc và độ giòn.
*   **Dưa leo (dưa chuột):** Bỏ ruột, thái lát hoặc bào sợi.
*   **Rau thơm:** Các loại rau thơm đặc trưng của gỏi Việt Nam như **rau răm, húng lủi (bạc hà)**, ngò rí (rau mùi) thái nhỏ. Rau răm đặc biệt hợp với các món hải sản.

### 3. Nước mắm trộn gỏi (Nước sốt):
Đây là yếu tố quyết định hương vị của món gỏi. Nước sốt được pha theo ""tỷ lệ vàng"" chua - cay - mặn - ngọt, thường bao gồm:
*   **Nước mắm ngon**
*   **Đường**
*   **Nước cốt chanh** hoặc tắc (quất)
*   **Tỏi** băm nhuyễn
*   **Ớt** băm nhỏ

### 4. Thành phần rắc lên trên (Topping):
*   **Đậu phộng (lạc) rang:** Giã dập để tạo vị bùi, béo.
*   **Hành phi:** Tăng thêm mùi thơm và độ giòn.

**Tóm lại,** gỏi khoai môn hải sản là sự hòa quyện tuyệt vời giữa **vị giòn tan của khoai môn chiên**, **vị ngọt dai của tôm, mực**, **vị tươi mát của các loại rau củ** và được kết nối bởi **nước mắm trộn chua ngọt hài hòa**. Tất cả tạo nên một món khai vị cực kỳ hấp dẫn và lạ miệng."
vie,gỏi khoai môn hải sản,jpn,"gỏi khoai môn hải sản: 「gỏi khoai môn hải sản（ゴイ・コアイモン・ハイサン）」は、**揚げたタロイモとシーフードを使ったベトナム風の和え物（サラダ）**です。

それぞれの単語は以下の意味を持っています。
*   **Gỏi (ゴイ)**：和え物、サラダ
*   **Khoai môn (コアイモン)**：タロイモ
*   **Hải sản (ハイサン)**：海産物、シーフード

この料理は、主に以下の材料から作られています。

### 主な材料
1.  **タロイモ (Khoai môn)**
    *   千切りにして、カリカリになるまで素揚げします。これがこの料理の最大の特徴で、香ばしさと楽しい食感を生み出します。

2.  **シーフード (Hải sản)**
    *   **エビ (Tôm)** や **イカ (Mực)** が一般的です。これらを茹でたり蒸したりして、食べやすい大きさに切ります。

3.  **野菜とハーブ (Rau và rau thơm)**
    *   **人参 (Cà rốt)**：千切りにします。
    *   **玉ねぎ (Hành tây)**：薄切りにします。
    *   **ベトナムコリアンダー (Rau răm)**：独特の風味を持つハーブで、ベトナムの和え物には欠かせません。
    *   その他、ミントや普通のコリアンダー（パクチー）などが使われることもあります。

### ドレッシング（Nước chấm trộn gỏi）
ベトナム料理の万能だれ「ヌクチャム（Nước chấm）」をベースにした、和え物用の甘酸っぱいタレで全体を和えます。
*   **ヌクマム (Nước mắm)**：魚醤。塩気と旨味のベースです。
*   **砂糖 (Đường)**：甘みを加えます。
*   **ライム果汁または酢 (Chanh hoặc giấm)**：酸味を加えます。
*   **ニンニク (Tỏi)** と **唐辛子 (Ớt)**：風味と辛味を加えます。

### トッピング
仕上げに、食感と香りをプラスするために以下のものがよく使われます。
*   **ローストピーナッツ (Đậu phộng rang)**：粗く砕いたもの。
*   **フライドエシャロット (Hành phi)**：揚げた小玉ねぎ。

---

**まとめると、「gỏi khoai môn hải sản」は…**

**カリカリに揚げた香ばしいタロイモ**と、**プリプリのエビやイカなどのシーフード**、**シャキシャキの野菜**を、**甘酸っぱくて少しピリ辛のドレッシング**で和え、最後に**ピーナッツやフライドエシャロットを振りかけた、食感と風味のコントラストが非常に豊かなサラダ**です。

前菜として、またはお酒のおつまみとして非常に人気のある一品です。"
vie,gỏi khoai môn hải sản,eng,"gỏi khoai môn hải sản: Of course! ""Gỏi khoai môn hải sản"" is a delicious and textural Vietnamese salad. Breaking down the name gives you the main ingredients:

*   **Gỏi:** The Vietnamese word for ""salad."" These are typically light and refreshing, with a sweet, sour, and savory dressing, not creamy like Western salads.
*   **Khoai môn:** This is **taro root**.
*   **Hải sản:** This means **seafood**.

So, the dish is a **Vietnamese Taro and Seafood Salad**.

Here is a more detailed breakdown of what it's made from:

### The Core Components:

1.  **Crispy Taro (Khoai Môn Chiên):** This is the star of the dish. The taro root is peeled, julienned or shredded into thin strips, and then deep-fried until it's golden brown and very crispy. This provides the salad's signature crunch.
2.  **Seafood (Hải Sản):** This is usually a combination of:
    *   **Shrimp (Tôm):** Boiled or steamed, peeled, and often sliced in half lengthwise.
    *   **Squid (Mực):** Lightly boiled or steamed, then sliced into rings or scored and cut into bite-sized pieces.

### The Dressing (Nước Chấm Gỏi):

This is the classic Vietnamese sweet and sour dressing that brings everything together. It's a balanced mix of:
*   **Fish Sauce (Nước Mắm)** for saltiness and umami.
*   **Lime Juice** for sourness.
*   **Sugar** for sweetness.
*   **Garlic and Chili** finely minced for pungency and spice.
*   A little water to balance the intensity.

### The Fresh Elements:

To add freshness, color, and more texture, the salad includes:
*   **Herbs:** A generous amount of fresh Vietnamese herbs like **Vietnamese mint (rau răm)** and **cilantro (ngò rí)** are essential.
*   **Vegetables:** Often includes thinly sliced **onions** or **shallots** (sometimes lightly pickled in vinegar and sugar to mellow their bite), and julienned **carrots**.

### The Toppings:

For the final touch of flavor and texture, the salad is finished with:
*   **Roasted Peanuts (Đậu Phộng Rang):** Crushed and sprinkled on top for a nutty crunch.
*   **Fried Shallots (Hành Phi):** Crispy, savory, and aromatic.

In summary, **gỏi khoai môn hải sản** is a vibrant salad made from a base of **crispy fried taro strips**, mixed with cooked **shrimp and squid**, tossed with fresh **herbs and vegetables** in a **sweet, sour, and savory fish sauce dressing**, and topped with **crushed peanuts and fried shallots**. It's a wonderful combination of textures (crispy, tender, crunchy) and flavors."
jpn,ざ る そ ば,jpn,"ざ る そ ば: はい、ざるそばが何から作られているか、主な３つの要素に分けてご説明します。

ざるそばは、大きく分けて**「①麺（そば）」「②つゆ」「③薬味」**から作られています。

---

### ① 麺（そば）

ざるそばの主役である麺は、**「そば粉」**から作られます。

*   **主原料：そば粉（そばのこ）**
    そばの実を挽いて粉にしたものです。そば特有の豊かな風味と香りの元となります。

*   **つなぎ：小麦粉（こむぎこ）**
    そば粉はグルテンを含まないため、そのままでは麺としてまとまりにくく、切れやすい性質があります。そのため、多くの場合、つなぎとして小麦粉を混ぜて打ちます。
    *   **十割そば（じゅうわりそば）**: そば粉100%で作られたそば。そば本来の香りが非常に強いですが、切れやすいのが特徴です。
    *   **二八そば（にはちそば）**: そば粉8割、小麦粉2割の割合で作られたそば。香りと喉ごしのバランスが良く、最も一般的です。

これらの粉に水を加えてこね、薄くのばして細く切ることで、そばの麺が完成します。

### ② つゆ（そばつゆ）

冷たいそばを浸して食べるための、濃いめのつゆです。一般的に以下の材料から作られます。

*   **だし**: 鰹節（かつおぶし）、昆布（こんぶ）、鯖節（さばぶし）などから取った、うま味のベースです。
*   **かえし**: 醤油、みりん、砂糖を合わせて寝かせたものです。この「かえし」と「だし」を合わせることで、深みのあるそばつゆが完成します。

温かいそばのつゆに比べて、ざるそばのつゆは少量つけて食べることを想定しているため、味が濃く（辛口に）作られています。

### ③ 薬味（やくみ）

そばの風味を引き立て、味に変化を加えるためのものです。代表的な薬味には以下のようなものがあります。

*   **刻み海苔（きざみのり）**: ざるそばの「ざる」の由来とも言われる特徴的なトッピングです。（もともと「ざるそば」は海苔があり、「もりそば」は海苔がないという違いがありました）
*   **ねぎ（刻みねぎ）**: 風味と食感を加えます。
*   **わさび**: ピリッとした辛さで味を引き締めます。
*   **大根おろし**: さっぱりとした味わいになります。

---

### まとめ

**ざるそばは、「そば粉と小麦粉で作った麺」を茹でて冷やし、「だしと醤油ベースの濃いめのつゆ」に、「ねぎやわさび、海苔などの薬味」を加えて食べる料理**です。

最後に、そばを食べ終わった後に、そばを茹でたお湯である**「そば湯（そばゆ）」**をつゆに入れて飲むのも、楽しみ方の一つです。そばの栄養が溶け出しているので、ぜひ味わってみてください。"
jpn,天 ぷ ら そ ば,jpn,"天 ぷ ら そ ば: はい、天ぷらそばが何から作られているか、詳しくご説明しますね。

天ぷらそばは、主に**「そば」「つゆ」「天ぷら」**の3つの要素から作られています。それに加えて、風味を添える**「薬味」**が添えられます。

それぞれを詳しく見ていきましょう。

### 1. そば (Soba Noodles)
主役の麺です。
*   **原材料**: **そば粉**（ソバの実を挽いた粉）と、つなぎとして**小麦粉**を混ぜて作られるのが一般的です。
*   **種類**:
    *   **二八そば（にはちそば）**: そば粉8割、小麦粉2割の割合で作られた、最もポピュラーなそば。のどごしが良いのが特徴です。
    *   **十割そば（じゅうわりそば）**: 小麦粉を使わず、そば粉100%で作られたそば。そば本来の強い香りと風味が楽しめます。

### 2. つゆ (Broth/Soup)
そばと天ぷらの味をまとめる、温かいスープです。
*   **ベース（だし）**: **鰹節（かつおぶし）**や**昆布（こんぶ）**から取った「だし」が基本です。お店によっては、鯖節（さばぶし）や煮干し、椎茸などを加えて、より深い味わいを出します。
*   **味付け**: この「だし」に、**醤油（しょうゆ）**、**みりん**、**砂糖**などを加えて味を調えます。
*   **地域差**:
    *   **関東風**: 濃口醤油を使い、色が濃く、鰹節の風味が強い、キリッとした味わいが特徴です。
    *   **関西風**: 薄口醤油を使い、色が薄く、昆布だしの旨味を活かした、まろやかで優しい味わいが特徴です。

### 3. 天ぷら (Tempura)
そばの上に乗せる揚げ物です。
*   **衣**: **小麦粉**を**冷たい水**で溶き、時には**卵**を加えて作ります。サクッとした軽い食感が特徴です。
*   **具材**: 天ぷらそばで最も代表的なのは**海老の天ぷら**です。その他にも、以下のような様々な具材が使われます。
    *   **野菜**: かぼちゃ、なす、さつまいも、ししとう、れんこん、きのこ類など
    *   **魚介類**: いか、きす、あなごなど
    *   **かき揚げ**: 小さな海老や貝柱、玉ねぎ、人参などを細かく切って衣でまとめたもの。

### 4. 薬味 (Condiments)
風味を加えたり、味を変えたりするために添えられます。
*   **刻みねぎ**: 長ねぎを小口切りにしたもの。シャキシャキした食感と香りがアクセントになります。
*   **七味唐辛子**: 唐辛子や山椒、ごまなど7種類のスパイスを混ぜたもの。ピリッとした辛味と香りを加えます。
*   **その他**: ゆずの皮、かまぼこなどが添えられることもあります。

---

**まとめ**
これらの要素が一つのお椀の中で合わさることで、そばの風味、出汁の効いたつゆの旨味、そして天ぷらの香ばしさと衣が吸ったつゆの美味しさが楽しめる、日本で非常に人気のある料理「天ぷらそば」が完成します。"
jpn,南 蛮 そ ば,jpn,"南 蛮 そ ば: はい、南蛮そば（なんばんそば）についてご説明しますね。

簡単に言うと、南蛮そばは**「鴨肉（または鶏肉）と焼いた長ねぎ」**が入った温かいそばのことです。

---

### 主な材料

南蛮そばは、主に以下のものから作られています。

1.  **主役の具材：鴨肉（かもにく）または鶏肉（とりにく）**
    *   **鴨肉（Kamo）：** 本来の伝統的な南蛮そばは鴨肉を使います。これを「**鴨南蛮（かもなんばん）**」と呼び、鴨の脂のコクと旨味がだしに溶け出して、非常に風味豊かな味わいになります。
    *   **鶏肉（Tori）：** 鴨肉の代わりに、より手頃な鶏肉を使ったものも一般的です。これは「**鶏南蛮（とりなんばん）**」と呼ばれます。

2.  **「南蛮」の要素：長ねぎ（ながねぎ）**
    *   南蛮そばに欠かせないのが**長ねぎ**です。ただ切って入れるだけでなく、こんがりと**焼き目をつけてから**加えるのが特徴です。焼くことでねぎの辛味が消え、甘みと香ばしさが増し、そばつゆと絶妙にマッチします。

3.  **麺：そば（蕎麦）**
    *   もちろん、主食となるそばの麺です。

4.  **つゆ（汁）：かけつゆ**
    *   だし、醤油、みりんなどを合わせた温かいそばつゆ（かけつゆ）がベースです。ここに鴨や鶏の旨味、そして焼きねぎの風味が加わることで、南蛮そば特有の深い味わいのつゆが完成します。

5.  **薬味（やくみ）**
    *   お好みで、七味唐辛子や柚子の皮などを添えて風味を加えます。

---

### なぜ「南蛮」と呼ぶのか？

「南蛮」という言葉は、室町時代から江戸時代にかけて、ポルトガルやスペインなどから来た人々や文物（南蛮人、南蛮貿易）を指す言葉でした。

料理で「南蛮」と付くのには諸説ありますが、そばの場合は以下の説が有力です。

*   **ねぎを使うからという説：** 当時の南蛮人（ポルトガル人など）が、好んでねぎを料理に使っていたため、ねぎを使った料理を「南蛮」と呼ぶようになったという説です。
*   **唐辛子を使うからという説：** 南蛮人が持ち込んだ唐辛子を使う料理を指す、という説もあります。

（※宮崎名物の「チキン南蛮」は、揚げた鶏肉を唐辛子入りの甘酢に漬けた料理で、こちらも名前の由来は同じです。ただし、そばの「南蛮」とは調理法が全く異なります。）

### まとめ

南蛮そばとは、**「鴨肉（または鶏肉）と、甘く香ばしく焼いた長ねぎを具材とした、旨味の強い温かいそば」**です。寒い日にぴったりの、心も体も温まる一杯です。"
jpn,豚 カ ツ,vie,"豚 カ ツ: Chào bạn,

Món **豚カツ (Tonkatsu)** là món ăn được làm từ **thịt lợn (thịt heo)**.

Đây là một món ăn rất nổi tiếng của Nhật Bản. Cụ thể hơn:

*   **豚 (Ton)** có nghĩa là ""lợn"" (heo).
*   **カツ (Katsu)** là phiên âm của từ ""cutlet"" (cốt lết) trong tiếng Anh.

Vì vậy, **Tonkatsu** có nghĩa đen là **""thịt lợn cốt lết""**.

**Cách làm món này như sau:**
1.  Người ta dùng một lát thịt thăn lợn hoặc sườn lợn không xương.
2.  Tẩm muối và tiêu.
3.  Lăn qua một lớp bột mì, sau đó nhúng vào trứng đánh tan.
4.  Cuối cùng, phủ đều bằng một lớp vụn bánh mì kiểu Nhật gọi là **Panko** (đây là điểm đặc trưng giúp vỏ ngoài giòn rụm).
5.  Chiên ngập dầu cho đến khi có màu vàng nâu đẹp mắt.

Món Tonkatsu thường được cắt thành từng miếng vừa ăn, dọn kèm với bắp cải thái sợi, cơm trắng và một loại sốt đặc biệt gọi là sốt Tonkatsu (có vị chua ngọt).

---
*Về phần ký tự `… \⑨⑤0` trong câu hỏi của bạn, có thể đây là lỗi hiển thị hoặc ký tự lạ không liên quan đến tên món ăn.*"
jpn,天 ぷ ら  ,vie,"天 ぷ ら  : Chào bạn,

**Tempura (天ぷら)** là một món ăn nổi tiếng của Nhật Bản. Về cơ bản, đây là món gồm các loại **hải sản và rau củ** được nhúng vào một lớp bột đặc biệt rồi **chiên ngập dầu** cho đến khi vàng giòn.

Các thành phần chính của món Tempura bao gồm:

### 1. Nguyên liệu chính (Những thứ được chiên)
Đây là phần ""nhân"" của món ăn, thường là các nguyên liệu tươi ngon:

*   **Hải sản:**
    *   **Tôm (Ebi - 海老):** Đây là loại tempura phổ biến và được yêu thích nhất.
    *   **Mực (Ika - いか):** Thường là mực ống cắt khoanh.
    *   **Cá:** Các loại cá thịt trắng như cá Kisu (キス), cá tráp (Anago - 穴子).
    *   **Sò điệp (Hotate - 帆立).**

*   **Rau củ:**
    *   **Khoai lang (Satsumaimo - さつま芋):** Vị ngọt tự nhiên rất hợp.
    *   **Bí ngô / Bí đỏ (Kabocha - かぼちゃ):**
    *   **Cà tím (Nasu - なす):**
    *   **Nấm:** Nấm hương (Shiitake - 椎茸), nấm kim châm (Enoki - えのき).
    *   **Ớt chuông (Piman - ピーマン):**
    *   **Lá tía tô (Shiso - しそ):**
    *   **Củ sen (Renkon - れんこん).**

### 2. Lớp bột chiên (衣 - Koromo)
Đây là yếu tố quyết định độ ngon của Tempura. Lớp bột này được pha chế đặc biệt để tạo ra vỏ ngoài giòn tan, nhẹ và không ngấm nhiều dầu. Thành phần gồm:

*   **Bột mì:** Thường là loại bột có hàm lượng gluten thấp (như bột làm bánh - cake flour).
*   **Trứng.**
*   **Nước đá lạnh:** Đây là ""bí quyết"" quan trọng nhất. Nước lạnh giúp ngăn sự hình thành gluten trong bột, làm cho lớp vỏ giòn và xốp.

### 3. Nước chấm và gia vị ăn kèm
Tempura thường không được ăn một mình mà sẽ đi kèm với:

*   **Nước chấm Tentsuyu (天つゆ):** Một loại nước chấm loãng có vị ngọt mặn, được làm từ nước dùng dashi, xì dầu (shoyu) và rượu mirin.
*   **Củ cải trắng mài (Daikon oroshi)** và **gừng mài (Shoga)**: Thường được cho vào nước chấm Tentsuyu để tăng hương vị và giúp giảm cảm giác ngấy.
*   **Muối:** Tại các nhà hàng cao cấp, tempura đôi khi được thưởng thức đơn giản chỉ với một ít muối, ví dụ như muối trà xanh (matcha-shio).

**Tóm lại, bản chất của tempura là sự kết hợp giữa nguyên liệu tươi ngon (hải sản, rau củ) và một lớp vỏ bột mỏng, giòn tan được chiên một cách khéo léo.**"
jpn,唐 揚 げ  ,vie,"唐 揚 げ  : Chào bạn,

**唐揚げ (Karaage)** là một món ăn rất nổi tiếng của Nhật Bản, về cơ bản là **món chiên giòn**.

Nguyên liệu chính và phổ biến nhất để làm Karaage là **thịt gà**, đặc biệt là phần **thịt đùi gà**. Vì vậy, khi nhắc đến Karaage, mọi người thường nghĩ ngay đến **gà rán kiểu Nhật**.

Tuy nhiên, ""Karaage"" thực chất là tên của một kỹ thuật nấu ăn, nên ngoài gà ra, người ta cũng có thể dùng các nguyên liệu khác.

### Thành phần chi tiết của món Gà Karaage (phổ biến nhất):

1.  **Nguyên liệu chính:**
    *   **Thịt gà:** Thường là thịt đùi gà đã bỏ xương (vì phần này mềm, mọng nước và đậm đà hơn sau khi chiên). Đôi khi người ta cũng dùng ức gà.

2.  **Gia vị tẩm ướp (Đây là phần tạo nên hương vị đặc trưng):**
    *   **Nước tương Nhật (Shoyu):** Vị mặn chủ đạo.
    *   **Rượu Sake:** Giúp làm mềm thịt và khử mùi.
    *   **Rượu Mirin:** Một loại rượu gạo ngọt để tạo vị ngọt nhẹ và độ bóng.
    *   **Tỏi và Gừng:** Băm nhỏ hoặc mài nhuyễn để tạo mùi thơm nồng đặc trưng.

3.  **Lớp bột áo (Yếu tố tạo nên độ giòn):**
    *   **Bột khoai tây (Katakuriko):** Đây là lựa chọn phổ biến nhất và là bí quyết tạo nên lớp vỏ ngoài giòn rụm, nhẹ và không bị cứng.
    *   Đôi khi người ta cũng dùng bột mì hoặc pha trộn cả hai loại bột.

### Tóm tắt:

**Karaage** là món **thịt gà (chủ yếu là đùi gà) được tẩm ướp với nước tương, sake, gừng, tỏi, sau đó phủ một lớp bột khoai tây mỏng rồi chiên ngập dầu** cho đến khi có lớp vỏ ngoài giòn tan và bên trong thịt vẫn mềm, mọng nước.

Đây là một trong những món ăn được yêu thích nhất tại các quán ăn Izakaya (quán nhậu kiểu Nhật), trong các hộp cơm bento và cả trong bữa ăn gia đình."
jpn,焼 き 魚  ,vie,"焼 き 魚  : Chào bạn,

**焼き魚 (Yakizakana)** có nghĩa đen là ""cá nướng"", và đây chính là món ăn được làm từ **cá tươi đem đi nướng**. Đây là một trong những món ăn truyền thống và phổ biến nhất trong ẩm thực Nhật Bản.

Tên món ăn này được ghép từ hai chữ:
*   **焼き (yaki)**: có nghĩa là nướng, quay.
*   **魚 (sakana)**: có nghĩa là cá.

### Đặc điểm chính của món Yakizakana:

1.  **Nguyên liệu chính:** Là các loại cá. Tùy theo mùa và vùng miền, người Nhật sẽ sử dụng nhiều loại cá khác nhau, ví dụ như:
    *   **Cá hồi** (Sake - 鮭)
    *   **Cá thu** (Saba - 鯖)
    *   **Cá thu đao** (Sanma - 秋刀魚) - đặc biệt phổ biến vào mùa thu.
    *   **Cá nục** (Aji - 鯵)
    *   **Cá tráp biển** (Tai - 鯛)

2.  **Cách chế biến:** Phương pháp nấu rất đơn giản, tập trung vào việc làm nổi bật hương vị tự nhiên của cá.
    *   **Shioyaki (塩焼き)**: Đây là cách phổ biến nhất, cá chỉ được xát muối rồi đem nướng trực tiếp trên lửa (thường là than củi để có mùi thơm đặc trưng). Lớp da cá sẽ giòn rụm trong khi thịt bên trong vẫn mềm và ngọt.
    *   **Teriyaki (照り焼き)**: Cá được phết một lớp sốt ngọt mặn làm từ xì dầu, mirin, sake và đường rồi mới đem nướng. Món ăn sẽ có màu nâu bóng đẹp mắt và vị đậm đà.

3.  **Cách thưởng thức:** Yakizakana thường là món chính trong một bữa ăn truyền thống của người Nhật (gọi là **Teishoku - 定食**), ăn kèm với:
    *   Cơm trắng.
    *   Súp miso.
    *   Rau củ muối (Tsukemono).
    *   Một ít củ cải trắng bào (Daikon oroshi) để ăn cùng cá, giúp giảm độ ngấy và cân bằng vị giác.

**Tóm lại, 焼き魚 (Yakizakana) là món cá nướng kiểu Nhật, một món ăn đơn giản, lành mạnh và là một phần không thể thiếu trong bữa ăn hàng ngày của người Nhật.**"
jpn,焼 き 魚  ,eng,"焼 き 魚  : Excellent question!

**Yakizakana (焼き魚)** is a traditional Japanese dish made from **grilled fish**.

Let's break that down:

*   **Yaki (焼き)** means grilled, broiled, or pan-fried.
*   **Sakana (魚)** means fish.

So, the literal translation is ""grilled fish.""

### Key Elements of Yakizakana:

1.  **The Fish:** While any fish can be used, some are particularly popular for this dish:
    *   **Saba (鯖):** Mackerel
    *   **Sake (鮭):** Salmon
    *   **Sanma (さんま):** Pacific Saury (especially in autumn)
    *   **Hokke (ほっけ):** Atka Mackerel
    *   **Aji (あじ):** Horse Mackerel
    *   **Tai (鯛):** Sea Bream (often for celebrations)

2.  **The Preparation:** The beauty of yakizakana is its simplicity. There are two main ways it's prepared before grilling:
    *   **Shioyaki (塩焼き):** This is the most basic and common method, meaning ""salt-grilled."" The fish is simply sprinkled with salt and grilled. This enhances the natural flavor of the fish.
    *   **Marinated:** The fish can also be marinated before grilling. Common marinades include:
        *   **Teriyaki (照り焼き):** A glaze of soy sauce, mirin, and sake.
        *   **Saikyo-yaki (西京焼き):** Marinated in a sweet white miso paste from Kyoto.

Yakizakana is a staple of Japanese home cooking and is a core component of a traditional Japanese breakfast, lunch, or dinner, often served with a bowl of rice, miso soup, and pickles."
jpn,唐 揚 げ  ,eng,"唐 揚 げ  : Excellent question!

**唐揚げ (Karaage)** is a Japanese cooking technique, but when people refer to it as a dish, they are almost always talking about **chicken**.

So, the short answer is: **Chicken**.

To be more specific:

*   **The Meat:** It's typically made from boneless, skin-on **chicken thigh** (鶏もも肉 - *tori momo niku*), which is prized for being juicy and flavorful. Sometimes chicken breast is also used for a leaner version.
*   **The Preparation:** What makes it ""karaage"" is the specific method:
    1.  **Marination:** The small, bite-sized pieces of chicken are marinated in a mixture of **soy sauce, sake, ginger, and garlic**.
    2.  **Coating:** They are then lightly coated in **potato starch (katakuriko)** or flour. The potato starch gives karaage its signature light and super-crispy crust.
    3.  **Frying:** Finally, the pieces are deep-fried until golden brown and cooked through.

While chicken is the most famous version, the term ""karaage"" can technically refer to other ingredients deep-fried in the same style, such as squid (*ika karaage*) or small fish. However, 99% of the time, ""karaage"" means **Japanese-style fried chicken**."
jpn,天 ぷ ら  ,eng,"天 ぷ ら  : Excellent question!

**天ぷら (Tempura)** is a classic Japanese dish made by lightly battering and deep-frying various ingredients.

The dish consists of two main parts:

1.  **The Ingredients Being Fried:** These are typically fresh and seasonal. Common choices include:
    *   **Seafood:** Shrimp (the most popular), squid, scallops, and various types of white-fleshed fish like whiting or cod.
    *   **Vegetables:** Sweet potato, pumpkin (kabocha), eggplant, bell peppers, lotus root, shiitake mushrooms, and shiso (perilla) leaves.

2.  **The Batter:** What makes tempura special is its incredibly light and crispy batter. It is a simple mixture of:
    *   **Flour** (often a low-gluten or cake flour)
    *   **Egg**
    *   **Ice-cold water** (the cold temperature is key to preventing the batter from becoming heavy and greasy).

So, in short: **Tempura is deep-fried seafood and vegetables in a very light, crispy batter.**

It's typically served with a dipping sauce called *tentsuyu* (made from dashi, soy sauce, and mirin) with grated daikon radish, or sometimes just with salt."
jpn,豚 カ ツ  ,eng,"豚 カ ツ  : That dish, **Tonkatsu (豚カツ)**, is a Japanese dish made from **pork**.

More specifically, it is:

*   A **pork cutlet** (usually loin or fillet).
*   Breaded with crispy **panko** (Japanese-style breadcrumbs).
*   **Deep-fried** until golden brown.

It is typically served sliced into strips, often with a thick, sweet Tonkatsu sauce and a side of shredded cabbage."
jpn,豚 カ ツ  ,jpn,"豚 カ ツ  : 豚カツは、主に**豚肉**に**衣（ころも）**をつけて**油で揚げた**料理です。

具体的には、以下の材料から作られています。

### 主な材料 (Main Ingredients)

1.  **豚肉 (ぶたにく) - Pork**
    *   **ロース (Loin):** 脂身があり、ジューシーで濃厚な味わいです。最も一般的に使われます。
    *   **ヒレ (Fillet/Tenderloin):** 脂身が少なく、とても柔らかくてさっぱりとした味わいです。

2.  **衣 (ころも) - Coating**
    豚肉に以下の順番でつけます。
    *   **小麦粉 (こむぎこ) - Flour:** 豚肉の水分を吸い取り、次の溶き卵がつきやすくなるようにします。
    *   **溶き卵 (ときたまご) - Beaten Egg:** 小麦粉とパン粉をつなぐ接着剤の役割をします。
    *   **パン粉 (panko) - Breadcrumbs:** 豚カツのサクサクとした食感を生み出す、最も重要な部分です。日本のパン粉は目が粗いのが特徴です。

3.  **揚げ油 (あげあぶら) - Frying Oil**
    *   サラダ油やキャノーラ油などの植物油が一般的に使われます。

### 一般的な食べ方 (Common way to eat)

出来上がった豚カツは、通常以下のようなものと一緒に食べられます。

*   **とんかつソース (Tonkatsu Sauce):** 甘くて少しスパイシーな、豚カツ専用のソース。
*   **千切りキャベツ (せんぎりキャベツ):** 口の中をさっぱりさせてくれます。
*   **ご飯 (ごはん)**
*   **味噌汁 (みそしる)**
*   **和からし (わがらし):** お好みでつけて食べます。

まとめると、豚カツは**「豚肉に小麦粉、卵、パン粉の衣をつけて油で揚げたもの」**です。"
jpn,焼 き 魚  ,jpn,"焼 き 魚  : 焼き魚は、その名前の通り**「魚」**を焼いて作ります。

とてもシンプルな料理ですが、使う魚の種類や味付けによって、様々な味わいを楽しむことができます。

### 焼き魚に使われる主な魚

日本の食卓でよく食べられる焼き魚には、以下のような魚が使われます。

*   **サバ（鯖）**: 脂がのっていて、塩焼きにすると非常に美味しいです。
*   **サンマ（秋刀魚）**: 秋の味覚の代表格。塩焼きにして大根おろしと醤油で食べるのが定番です。
*   **アジ（鯵）**: 開きにして干したものを焼くことが多いです。
*   **サケ（鮭）**: 塩鮭として売られているものを焼くのが一般的。お弁当の定番でもあります。
*   **ホッケ**: こちらも開き干しが多く、居酒屋の人気メニューです。
*   **ブリ（鰤）**: 照り焼き（甘辛い醤油だれで焼く）で食べることが多いです。
*   **タイ（鯛）**: お祝いの席で尾頭付きの塩焼きが出されることがあります。

### 作り方の基本

一番基本的な「塩焼き」の作り方はとてもシンプルです。

1.  **下処理**: 魚に軽く塩を振ります。これにより、魚の余分な水分と臭みが抜け、身が引き締まります。
2.  **焼く**: 家庭用の魚焼きグリルや、フライパン、網などを使って、こんがりと焼き上げます。

### 味付けのバリエーション

塩焼き以外にも、様々な味付けがあります。

*   **照り焼き**: 醤油、みりん、酒、砂糖などを合わせたタレを塗りながら焼く方法。
*   **西京焼き（さいきょうやき）**: 京都の甘い白味噌（西京味噌）に漬け込んでから焼く方法。上品な甘みと香りが特徴です。
*   **幽庵焼き（ゆうあんやき）**: 醤油、みりん、酒に、ゆずなどの柑橘類の輪切りを加えて漬け込んでから焼く方法。爽やかな香りがします。

---

**まとめ**
焼き魚は**「魚」**を主な材料とし、塩や醤油、味噌などで味付けをして焼いた、日本の伝統的な家庭料理です。"
jpn,唐 揚 げ  ,jpn,"唐 揚 げ  : 「唐揚げ（からあげ）」は、主に**鶏肉**から作られています。

具体的には、以下の材料で構成されているのが一般的です。

### 主な材料

1.  **主役（具材）：鶏もも肉**
    *   最もポピュラーなのは、ジューシーで旨味の強い**鶏もも肉（とりももにく）**です。
    *   ヘルシーにしたい場合は、さっぱりとした**鶏むね肉（とりむねにく）**も使われます。
    *   その他、手羽先（てばさき）や軟骨（なんこつ）なども唐揚げにされます。

2.  **下味（したあじ）の調味料**
    *   これが唐揚げの味の決め手です。家庭やお店によって様々ですが、基本は以下の通りです。
    *   **醤油（しょうゆ）**
    *   **お酒（さけ）**：肉を柔らかくし、臭みを消します。
    *   **みりん**：甘みと照りを出します。
    *   **おろし生姜（しょうが）**
    *   **おろしにんにく**
    *   その他、塩、こしょう、ごま油などを加えることもあります。

3.  **衣（ころも）**
    *   肉の旨味を閉じ込め、食感を良くする役割があります。
    *   **片栗粉（かたくりこ）**：サクサク、カリッとした食感になります。
    *   **小麦粉（こむぎこ）**：しっとり、ふっくらとした食感になります。
    *   片栗粉と小麦粉を混ぜて使うことも非常に多いです。

4.  **揚げ油（あげあぶら）**
    *   サラダ油やキャノーラ油などの植物油が一般的に使われます。

---

### 簡単な作り方の流れ

1.  鶏肉を一口大に切る。
2.  調味料（醤油、酒、生姜、にんにくなど）に鶏肉を漬け込み、味を染み込ませる（**下味をつける**）。
3.  揚げる直前に、片栗粉や小麦粉を肉にまんべんなくまぶす（**衣をつける**）。
4.  油で揚げる。

---

### 豆知識：鶏肉以外の唐揚げ

「唐揚げ」はもともと調理法の一つなので、鶏肉以外にも様々な食材が使われます。

*   **魚介類**：タコ、イカ、フグ、カレイなど
*   **野菜**：ごぼう、なす、じゃがいもなど

ただし、一般的に単に「唐揚げ」と言えば、**鶏肉の唐揚げ**を指します。"
jpn,天 ぷ ら  ,jpn,"天 ぷ ら  : 天ぷらは、主に**「食材（ネタ）」**と**「衣（ころも）」**、そしてそれを揚げる**「油」**から作られています。

具体的には、以下の要素で構成されています。

---

### 1. 主な食材（ネタ）
天ぷらに使われる食材は非常に幅広く、大きく分けて魚介類と野菜があります。

*   **魚介類**
    *   **エビ（海老）**: 天ぷらの王様とも言える最も人気のあるネタです。
    *   **キス（鱚）**: 白身魚で、ふわふわとした食感が楽しめます。
    *   **イカ（烏賊）**: 弾力のある食感が特徴です。
    *   **アナゴ（穴子）**: 江戸前天ぷらの代表的なネタの一つです。
    *   **ホタテ（帆立）**: 甘みがあり、人気のネタです。

*   **野菜**
    *   **なす（茄子）**: 油を吸ってジューシーになります。
    *   **かぼちゃ（南瓜）**: 甘くてホクホクした食感が人気です。
    *   **さつまいも**: かぼちゃと同様に甘みがあります。
    *   **しいたけ（椎茸）**: 独特の風味と食感があります。
    *   **ししとう（獅子唐）**: 時々辛いものに当たるのも楽しみの一つです。
    *   **れんこん（蓮根）**: シャキシャキとした歯ごたえが特徴です。
    *   **大葉（おおば）**: 爽やかな香りが楽しめます。

*   **その他**
    *   **かき揚げ**: 小さなエビや貝柱、玉ねぎ、三つ葉などを細かく切り、衣でまとめて揚げたもの。
    *   **鶏肉（とり天）**: 大分県の名物としても知られています。
    *   **きのこ類**: まいたけ、エリンギなど。
    *   **変わり種**: アイスクリーム、チーズ、アボカドなど。

---

### 2. 衣（ころも）
天ぷらのサクサクとした食感を生み出す重要な部分です。

*   **小麦粉（薄力粉）**: グルテンが少ない薄力粉を使うことで、軽い仕上がりになります。
*   **卵**: 衣にコクと色を与えます。
*   **冷水**: 衣を冷たく保つことで、揚げた時に水分が急激に蒸発し、サクッとした食感が生まれます。グルテンの発生を抑える効果もあります。

**ポイント**: 衣は混ぜすぎないのがコツです。少しダマが残るくらいが、軽く揚げるための秘訣とされています。

---

### 3. 揚げ油
油の種類によって、天ぷらの風味や香りが変わります。

*   **ごま油**: 香りが良く、江戸前の天ぷら屋ではよく使われます。
*   **サラダ油（大豆油、菜種油など）**: クセがなく、家庭でも一般的に使われます。

お店によっては、ごま油とサラダ油をブレンドして、香りとコストのバランスを取っているところも多いです。

---

### まとめ
つまり、天ぷらは
**「お好みの食材（ネタ）」**に、**「小麦粉・卵・冷水で作った衣」**をつけ、**「ごま油などの油」**で揚げた料理ということになります。

食べる際には、だし・醤油・みりんを合わせた**「天つゆ」**に**大根おろし**を添えたり、シンプルに**「塩」**（抹茶塩やゆず塩など）でいただくのが一般的です。"
